Teamnum,Teamname,overflow,r1RoundinfoNumberRed,r1RoundinfoNumberBlue,r1RoundinfoNameRed,r1RoundinfoNameBlue,r1AlliancemateNumberRed,r1AlliancemateNumberBlue,r1AlliancemateNameRed,r1AlliancemateNameBlue,r1Opponent1NumberRed,r1Opponent1NumberBlue,r1Opponent1NameRed,r1Opponent1NameBlue,r1Opponent2NumberRed,r1Opponent2NumberBlue,r1Opponent2NameRed,r1Opponent2NameBlue,r2RoundinfoNumberRed,r2RoundinfoNumberBlue,r2RoundinfoNameRed,r2RoundinfoNameBlue,r2AlliancemateNumberRed,r2AlliancemateNumberBlue,r2AlliancemateNameRed,r2AlliancemateNameBlue,r2Opponent1NumberRed,r2Opponent1NumberBlue,r2Opponent1NameRed,r2Opponent1NameBlue,r2Opponent2NumberRed,r2Opponent2NumberBlue,r2Opponent2NameRed,r2Opponent2NameBlue,r3RoundinfoNumberRed,r3RoundinfoNumberBlue,r3RoundinfoNameRed,r3RoundinfoNameBlue,r3AlliancemateNumberRed,r3AlliancemateNumberBlue,r3AlliancemateNameRed,r3AlliancemateNameBlue,r3Opponent1NumberRed,r3Opponent1NumberBlue,r3Opponent1NameRed,r3Opponent1NameBlue,r3Opponent2NumberRed,r3Opponent2NumberBlue,r3Opponent2NameRed,r3Opponent2NameBlue,r4RoundinfoNumberRed,r4RoundinfoNumberBlue,r4RoundinfoNameRed,r4RoundinfoNameBlue,r4AlliancemateNumberRed,r4AlliancemateNumberBlue,r4AlliancemateNameRed,r4AlliancemateNameBlue,r4Opponent1NumberRed,r4Opponent1NumberBlue,r4Opponent1NameRed,r4Opponent1NameBlue,r4Opponent2NumberRed,r4Opponent2NumberBlue,r4Opponent2NameRed,r4Opponent2NameBlue,r5RoundinfoNumberRed,r5RoundinfoNumberBlue,r5RoundinfoNameRed,r5RoundinfoNameBlue,r5AlliancemateNumberRed,r5AlliancemateNumberBlue,r5AlliancemateNameRed,r5AlliancemateNameBlue,r5Opponent1NumberRed,r5Opponent1NumberBlue,r5Opponent1NameRed,r5Opponent1NameBlue,r5Opponent2NumberRed,r5Opponent2NumberBlue,r5Opponent2NameRed,r5Opponent2NameBlue,r6RoundinfoNumberRed,r6RoundinfoNumberBlue,r6RoundinfoNameRed,r6RoundinfoNameBlue,r6AlliancemateNumberRed,r6AlliancemateNumberBlue,r6AlliancemateNameRed,r6AlliancemateNameBlue,r6Opponent1NumberRed,r6Opponent1NumberBlue,r6Opponent1NameRed,r6Opponent1NameBlue,r6Opponent2NumberRed,r6Opponent2NumberBlue,r6Opponent2NameRed,r6Opponent2NameBlue,r7RoundinfoNumberRed,r7RoundinfoNumberBlue,r7RoundinfoNameRed,r7RoundinfoNameBlue,r7AlliancemateNumberRed,r7AlliancemateNumberBlue,r7AlliancemateNameRed,r7AlliancemateNameBlue,r7Opponent1NumberRed,r7Opponent1NumberBlue,r7Opponent1NameRed,r7Opponent1NameBlue,r7Opponent2NumberRed,r7Opponent2NumberBlue,r7Opponent2NameRed,r7Opponent2NameBlue,r8RoundinfoNumberRed,r8RoundinfoNumberBlue,r8RoundinfoNameRed,r8RoundinfoNameBlue,r8AlliancemateNumberRed,r8AlliancemateNumberBlue,r8AlliancemateNameRed,r8AlliancemateNameBlue,r8Opponent1NumberRed,r8Opponent1NumberBlue,r8Opponent1NameRed,r8Opponent1NameBlue,r8Opponent2NumberRed,r8Opponent2NumberBlue,r8Opponent2NameRed,r8Opponent2NameBlue,r9RoundinfoNumberRed,r9RoundinfoNumberBlue,r9RoundinfoNameRed,r9RoundinfoNameBlue,r9AlliancemateNumberRed,r9AlliancemateNumberBlue,r9AlliancemateNameRed,r9AlliancemateNameBlue,r9Opponent1NumberRed,r9Opponent1NumberBlue,r9Opponent1NameRed,r9Opponent1NameBlue,r9Opponent2NumberRed,r9Opponent2NumberBlue,r9Opponent2NameRed,r9Opponent2NameBlue
25,Rock 'n Roll Robots,,1,,red 1,,5026,,Tesla Coils,,,5110,,Wingus & Dingus,,7013,,Hot Wired,,18,,blue 1,,9753,,Technomancers,3491,,FIX IT,,5257,,Eagles Xperience,,39,,red 2,,5916,,Bo-Bots,,,3888,,Greased Lightning,,5200,,Robots Incorporated,58,,red 1,,6055,,GearTicks,,,365,,Miracle Workerz,,4997,,Masquerade,,70,,blue 1,,5206,,The Knights of Ni,6134,,Black Frogs,,4378,,Black Box Robotics,,,82,,blue 2,,5215,,THAT Team,3631,,Middle Earth Mechs,,5842,,The Vampires,,97,,red 2,,7953,,Vertigo,,,6987,,Hat Trix,,7152,,Robot Squad,,114,,blue 2,,6312,,GOLDEN TIGERS,7591,,Voltage Imagination,,4290,,High PHidelity,,,134,,blue 1,,542,,WHS Robotics,9757,,Team Tulip,,8339,,Galaxy Robotechs,
365,Miracle Workerz,,2,,red 1,,6134,,Black Frogs,,,6565,,Stuffed Dragons,,3113,,Some Disassembly,29,,red 1,,5200,,Robots Incorporated,,,5940,,Rockin' Robots,,5110,,Wingus & Dingus,42,,red 2,,5215,,THAT Team,,,8339,,Galaxy Robotechs,,4625,,Kings and Queens,,58,,blue 1,,4997,,Masquerade,25,,Rock 'n Roll Robots,,6055,,GearTicks,,,74,,blue 2,,6987,,Hat Trix,9164,,Zorrobots,,542,,WHS Robotics,,,93,,blue 1,,4290,,High PHidelity,9755,,HCC-2,,3491,,FIX IT,,,110,,blue 2,,3888,,Greased Lightning,5972,,Patronum Bots,,3631,,Middle Earth Mechs,,118,,red 1,,8716,,Techaholix,,,6002,,Basilisks,,5843,,AutoVortex,,129,,blue 2,,5890,,e-lemon-ators,8231,,Skyhawks,,9753,,Technomancers,
542,WHS Robotics,,3,,red 1,,5842,,The Vampires,,,7152,,Robot Squad,,3491,,FIX IT,,22,,blue 2,,5391,,Enigma Puzzlers,9755,,HCC-2,,4378,,Black Box Robotics,,,36,,blue 2,,4290,,High PHidelity,9753,,Technomancers,,5026,,Tesla Coils,,50,,red 1,,3113,,Some Disassembly,,,5916,,Bo-Bots,,8911,,Da Vinci Decoders,74,,red 2,,9164,,Zorrobots,,,6987,,Hat Trix,,365,,Miracle Workerz,,84,,blue 2,,3480,,FrostByte,5843,,AutoVortex,,8498,,The Evil Purple Sox,,101,,red 2,,4443,,Sock Monkeys,,,7129,,Robo Raiders,,4211,,The Bombers,,120,,blue 2,,5200,,Robots Incorporated,4130,,Robotica Santi,,7953,,Vertigo,,,134,,blue 2,,25,,Rock 'n Roll Robots,9757,,Team Tulip,,8339,,Galaxy Robotechs,
3113,Some Disassembly,,,2,,blue 2,,6565,,Stuffed Dragons,365,,Miracle Workerz,,6134,,Black Frogs,,,17,,blue 1,,5842,,The Vampires,6022,,To Be Determined,,7013,,Hot Wired,,,35,,blue 2,,3631,,Middle Earth Mechs,6210,,ViperBots Stryke,,6002,,Basilisks,,50,,red 2,,542,,WHS Robotics,,,5916,,Bo-Bots,,8911,,Da Vinci Decoders,65,,red 2,,3480,,FrostByte,,,3491,,FIX IT,,7182,,Mechanical Paradox,,87,,blue 1,,7591,,Voltage Imagination,5200,,Robots Incorporated,,5972,,Patronum Bots,,,103,,blue 2,,4150,,Dark Matter,4290,,High PHidelity,,4130,,Robotica Santi,,127,,red 1,,7152,,Robot Squad,,,6055,,GearTicks,,5215,,THAT Team,,144,,blue 2,,9755,,HCC-2,5026,,Tesla Coils,,7190,,Green Girls,
3480,FrostByte,,14,,red 1,,6210,,ViperBots Stryke,,,6055,,GearTicks,,5206,,The Knights of Ni,,23,,blue 2,,7129,,Robo Raiders,8405,,Miller Robotics,,6911,,James Ruse,,,33,,blue 1,,5972,,Patronum Bots,7190,,Green Girls,,6134,,Black Frogs,,57,,red 1,,4290,,High PHidelity,,,4443,,Sock Monkeys,,9757,,Team Tulip,65,,red 1,,3113,,Some Disassembly,,,3491,,FIX IT,,7182,,Mechanical Paradox,,84,,blue 1,,542,,WHS Robotics,5843,,AutoVortex,,8498,,The Evil Purple Sox,,99,,red 1,,8339,,Galaxy Robotechs,,,4997,,Masquerade,,8716,,Techaholix,,116,,blue 2,,4150,,Dark Matter,6109,,Punabots,,4625,,Kings and Queens,,130,,red 2,,6565,,Stuffed Dragons,,,5842,,The Vampires,,4378,,Black Box Robotics
3491,FIX IT,,,3,,blue 2,,7152,,Robot Squad,542,,WHS Robotics,,5842,,The Vampires,,18,,red 1,,5257,,Eagles Xperience,,,25,,Rock 'n Roll Robots,,9753,,Technomancers,,34,,blue 2,,4150,,Dark Matter,8911,,Da Vinci Decoders,,7129,,Robo Raiders,,54,,red 1,,4378,,Black Box Robotics,,,4625,,Kings and Queens,,6022,,To Be Determined,,65,,blue 1,,7182,,Mechanical Paradox,3480,,FrostByte,,3113,,Some Disassembly,,93,,red 2,,9755,,HCC-2,,,365,,Miracle Workerz,,4290,,High PHidelity,108,,red 1,,5206,,The Knights of Ni,,,4924,,Tuxedo Pandas,,5200,,Robots Incorporated,,126,,blue 2,,5972,,Patronum Bots,4251,,Cougar Robotics,,5391,,Enigma Puzzlers,,,136,,blue 1,,6312,,GOLDEN TIGERS,6210,,ViperBots Stryke,,7398,,BLUE CREW,
3631,Middle Earth Mechs,,,12,,blue 2,,9751,,RAMS,7129,,Robo Raiders,,8231,,Skyhawks,,26,,red 1,,9164,,Zorrobots,,,8339,,Galaxy Robotechs,,6312,,GOLDEN TIGERS,,35,,blue 1,,3113,,Some Disassembly,6210,,ViperBots Stryke,,6002,,Basilisks,,,53,,blue 2,,5391,,Enigma Puzzlers,7182,,Mechanical Paradox,,5200,,Robots Incorporated,,,67,,blue 1,,6911,,James Ruse,4251,,Cougar Robotics,,4625,,Kings and Queens,,82,,red 1,,5842,,The Vampires,,,5215,,THAT Team,,25,,Rock 'n Roll Robots,110,,red 2,,5972,,Patronum Bots,,,3888,,Greased Lightning,,365,,Miracle Workerz,125,,red 2,,5206,,The Knights of Ni,,,6987,,Hat Trix,,9755,,HCC-2,,133,,blue 2,,6455,,MoHawk Warriors,5843,,AutoVortex,,4150,,Dark Matter,
3888,Greased Lightning,,15,,red 2,,4997,,Masquerade,,,5890,,e-lemon-ators,,4130,,Robotica Santi,31,,red 2,,4625,,Kings and Queens,,,5206,,The Knights of Ni,,8231,,Skyhawks,,39,,blue 1,,5200,,Robots Incorporated,5916,,Bo-Bots,,25,,Rock 'n Roll Robots,,55,,red 1,,8498,,The Evil Purple Sox,,,6002,,Basilisks,,4150,,Dark Matter,73,,red 2,,8911,,Da Vinci Decoders,,,7013,,Hot Wired,,4174,,Atomic Theory,,96,,blue 1,,9751,,RAMS,7190,,Green Girls,,4924,,Tuxedo Pandas,,,110,,blue 1,,365,,Miracle Workerz,5972,,Patronum Bots,,3631,,Middle Earth Mechs,,119,,red 1,,9164,,Zorrobots,,,4886,,Robo Junkies,,6022,,To Be Determined,,143,,blue 2,,5391,,Enigma Puzzlers,7152,,Robot Squad,,7129,,Robo Raiders,
4130,Robotica Santi,,,15,,blue 2,,5890,,e-lemon-ators,4997,,Masquerade,,3888,,Greased Lightning,,,28,,blue 1,,6455,,MoHawk Warriors,9757,,Team Tulip,,8498,,The Evil Purple Sox,,37,,red 1,,4378,,Black Box Robotics,,,7591,,Voltage Imagination,,6911,,James Ruse,,49,,blue 1,,9751,,RAMS,5026,,Tesla Coils,,4251,,Cougar Robotics,,76,,red 2,,9755,,HCC-2,,,5972,,Patronum Bots,,8231,,Skyhawks,,89,,blue 1,,4886,,Robo Junkies,5391,,Enigma Puzzlers,,6210,,ViperBots Stryke,,103,,red 2,,4290,,High PHidelity,,,4150,,Dark Matter,,3113,,Some Disassembly,120,,red 1,,7953,,Vertigo,,,5200,,Robots Incorporated,,542,,WHS Robotics,,135,,blue 2,,7182,,Mechanical Paradox,6134,,Black Frogs,,8716,,Techaholix,
4150,Dark Matter,,11,,red 2,,6987,,Hat Trix,,,4378,,Black Box Robotics,,7182,,Mechanical Paradox,19,,red 1,,4211,,The Bombers,,,5916,,Bo-Bots,,6134,,Black Frogs,,34,,blue 1,,3491,,FIX IT,8911,,Da Vinci Decoders,,7129,,Robo Raiders,,,55,,blue 2,,6002,,Basilisks,3888,,Greased Lightning,,8498,,The Evil Purple Sox,,71,,red 1,,5391,,Enigma Puzzlers,,,5110,,Wingus & Dingus,,8339,,Galaxy Robotechs,81,,red 2,,5257,,Eagles Xperience,,,6911,,James Ruse,,9757,,Team Tulip,,103,,blue 1,,3113,,Some Disassembly,4290,,High PHidelity,,4130,,Robotica Santi,,,116,,blue 1,,3480,,FrostByte,6109,,Punabots,,4625,,Kings and Queens,,133,,red 2,,5843,,AutoVortex,,,6455,,MoHawk Warriors,,3631,,Middle Earth Mechs
4174,Atomic Theory,,6,,red 1,,6109,,Punabots,,,4251,,Cougar Robotics,,8498,,The Evil Purple Sox,27,,red 2,,7953,,Vertigo,,,5843,,AutoVortex,,6210,,ViperBots Stryke,,46,,blue 1,,6055,,GearTicks,4924,,Tuxedo Pandas,,6455,,MoHawk Warriors,,64,,red 2,,7591,,Voltage Imagination,,,9755,,HCC-2,,8716,,Techaholix,,73,,blue 2,,7013,,Hot Wired,8911,,Da Vinci Decoders,,3888,,Greased Lightning,,,86,,blue 2,,7152,,Robot Squad,9164,,Zorrobots,,5940,,Rockin' Robots,,104,,red 1,,6312,,GOLDEN TIGERS,,,4625,,Kings and Queens,,7190,,Green Girls,,115,,blue 2,,9753,,Technomancers,9751,,RAMS,,5110,,Wingus & Dingus,,138,,red 1,,5215,,THAT Team,,,4290,,High PHidelity,,8405,,Miller Robotics
4211,The Bombers,,,4,,blue 1,,4924,,Tuxedo Pandas,9757,,Team Tulip,,7953,,Vertigo,,19,,red 2,,4150,,Dark Matter,,,5916,,Bo-Bots,,6134,,Black Frogs,,45,,blue 2,,7398,,BLUE CREW,7182,,Mechanical Paradox,,5064,,Aperture Science,,59,,red 2,,8231,,Skyhawks,,,6565,,Stuffed Dragons,,6987,,Hat Trix,79,,red 1,,6312,,GOLDEN TIGERS,,,6002,,Basilisks,,9751,,RAMS,,88,,blue 2,,5110,,Wingus & Dingus,5890,,e-lemon-ators,,8716,,Techaholix,,,101,,blue 2,,7129,,Robo Raiders,4443,,Sock Monkeys,,542,,WHS Robotics,,128,,red 2,,8911,,Da Vinci Decoders,,,6210,,ViperBots Stryke,,5026,,Tesla Coils,,140,,blue 1,,7013,,Hot Wired,6911,,James Ruse,,5206,,The Knights of Ni,
4251,Cougar Robotics,,,6,,blue 1,,8498,,The Evil Purple Sox,4174,,Atomic Theory,,6109,,Punabots,,,32,,blue 2,,4886,,Robo Junkies,7398,,BLUE CREW,,6055,,GearTicks,,,41,,blue 1,,5206,,The Knights of Ni,9757,,Team Tulip,,7152,,Robot Squad,,49,,red 2,,5026,,Tesla Coils,,,4130,,Robotica Santi,,9751,,RAMS,67,,red 1,,4625,,Kings and Queens,,,3631,,Middle Earth Mechs,,6911,,James Ruse,,90,,blue 1,,6022,,To Be Determined,6312,,GOLDEN TIGERS,,7182,,Mechanical Paradox,,111,,red 2,,6210,,ViperBots Stryke,,,9755,,HCC-2,,5890,,e-lemon-ators,126,,red 1,,5391,,Enigma Puzzlers,,,5972,,Patronum Bots,,3491,,FIX IT,141,,red 2,,4924,,Tuxedo Pandas,,,4997,,Masquerade,,9164,,Zorrobots
4290,High PHidelity,,,7,,blue 2,,6022,,To Be Determined,8339,,Galaxy Robotechs,,7398,,BLUE CREW,,24,,red 2,,7190,,Green Girls,,,8911,,Da Vinci Decoders,,5890,,e-lemon-ators,,36,,blue 1,,542,,WHS Robotics,9753,,Technomancers,,5026,,Tesla Coils,,57,,red 2,,3480,,FrostByte,,,4443,,Sock Monkeys,,9757,,Team Tulip,66,,red 2,,6055,,GearTicks,,,5842,,The Vampires,,8498,,The Evil Purple Sox,,93,,blue 2,,365,,Miracle Workerz,9755,,HCC-2,,3491,,FIX IT,,103,,red 1,,4130,,Robotica Santi,,,4150,,Dark Matter,,3113,,Some Disassembly,114,,red 2,,7591,,Voltage Imagination,,,6312,,GOLDEN TIGERS,,25,,Rock 'n Roll Robots,,138,,blue 1,,8405,,Miller Robotics,4174,,Atomic Theory,,5215,,THAT Team,
4378,Black Box Robotics,,,11,,blue 1,,7182,,Mechanical Paradox,6987,,Hat Trix,,4150,,Dark Matter,,22,,red 2,,9755,,HCC-2,,,5391,,Enigma Puzzlers,,542,,WHS Robotics,37,,red 2,,4130,,Robotica Santi,,,7591,,Voltage Imagination,,6911,,James Ruse,54,,red 2,,3491,,FIX IT,,,4625,,Kings and Queens,,6022,,To Be Determined,70,,red 2,,6134,,Black Frogs,,,25,,Rock 'n Roll Robots,,5206,,The Knights of Ni,,94,,blue 1,,5916,,Bo-Bots,7398,,BLUE CREW,,6002,,Basilisks,,,102,,blue 2,,8911,,Da Vinci Decoders,6455,,MoHawk Warriors,,8405,,Miller Robotics,,113,,red 1,,8231,,Skyhawks,,,5940,,Rockin' Robots,,4997,,Masquerade,,130,,blue 2,,5842,,The Vampires,6565,,Stuffed Dragons,,3480,,FrostByte,
4443,Sock Monkeys,,,9,,blue 1,,5916,,Bo-Bots,8716,,Techaholix,,6911,,James Ruse,,25,,red 1,,4997,,Masquerade,,,5972,,Patronum Bots,,7182,,Mechanical Paradox,47,,red 1,,5842,,The Vampires,,,9164,,Zorrobots,,8231,,Skyhawks,,57,,blue 1,,9757,,Team Tulip,3480,,FrostByte,,4290,,High PHidelity,,78,,red 1,,5940,,Rockin' Robots,,,4924,,Tuxedo Pandas,,6210,,ViperBots Stryke,,91,,blue 2,,5064,,Aperture Science,6455,,MoHawk Warriors,,8339,,Galaxy Robotechs,,101,,red 1,,542,,WHS Robotics,,,7129,,Robo Raiders,,4211,,The Bombers,,122,,blue 2,,6134,,Black Frogs,8498,,The Evil Purple Sox,,5257,,Eagles Xperience,,132,,red 2,,6109,,Punabots,,,6002,,Basilisks,,7953,,Vertigo
4625,Kings and Queens,,,13,,blue 2,,5064,,Aperture Science,5940,,Rockin' Robots,,5391,,Enigma Puzzlers,,31,,red 1,,3888,,Greased Lightning,,,5206,,The Knights of Ni,,8231,,Skyhawks,,42,,blue 2,,8339,,Galaxy Robotechs,5215,,THAT Team,,365,,Miracle Workerz,,,54,,blue 1,,6022,,To Be Determined,3491,,FIX IT,,4378,,Black Box Robotics,,67,,red 2,,4251,,Cougar Robotics,,,3631,,Middle Earth Mechs,,6911,,James Ruse,95,,red 1,,6565,,Stuffed Dragons,,,7013,,Hot Wired,,9753,,Technomancers,,104,,blue 1,,7190,,Green Girls,4174,,Atomic Theory,,6312,,GOLDEN TIGERS,,116,,red 2,,6109,,Punabots,,,4150,,Dark Matter,,3480,,FrostByte,,131,,blue 1,,4886,,Robo Junkies,5110,,Wingus & Dingus,,7591,,Voltage Imagination,
4886,Robo Junkies,,10,,red 2,,9753,,Technomancers,,,7190,,Green Girls,,6455,,MoHawk Warriors,,32,,blue 1,,4251,,Cougar Robotics,7398,,BLUE CREW,,6055,,GearTicks,,40,,red 1,,8498,,The Evil Purple Sox,,,7953,,Vertigo,,6312,,GOLDEN TIGERS,,51,,blue 1,,5215,,THAT Team,6109,,Punabots,,6911,,James Ruse,,75,,red 2,,5843,,AutoVortex,,,5200,,Robots Incorporated,,7129,,Robo Raiders,,89,,blue 2,,4130,,Robotica Santi,5391,,Enigma Puzzlers,,6210,,ViperBots Stryke,,105,,red 2,,7182,,Mechanical Paradox,,,6565,,Stuffed Dragons,,6002,,Basilisks,,119,,blue 1,,6022,,To Be Determined,3888,,Greased Lightning,,9164,,Zorrobots,,,131,,blue 2,,4625,,Kings and Queens,5110,,Wingus & Dingus,,7591,,Voltage Imagination,
4924,Tuxedo Pandas,,,4,,blue 2,,4211,,The Bombers,9757,,Team Tulip,,7953,,Vertigo,,,30,,blue 1,,8716,,Techaholix,6987,,Hat Trix,,5215,,THAT Team,,46,,red 1,,6455,,MoHawk Warriors,,,4174,,Atomic Theory,,6055,,GearTicks,63,,red 1,,5110,,Wingus & Dingus,,,5843,,AutoVortex,,6312,,GOLDEN TIGERS,,78,,blue 1,,6210,,ViperBots Stryke,4443,,Sock Monkeys,,5940,,Rockin' Robots,,96,,red 2,,7190,,Green Girls,,,3888,,Greased Lightning,,9751,,RAMS,,108,,blue 1,,5200,,Robots Incorporated,3491,,FIX IT,,5206,,The Knights of Ni,,123,,red 1,,7013,,Hot Wired,,,8405,,Miller Robotics,,5064,,Aperture Science,141,,red 1,,4251,,Cougar Robotics,,,4997,,Masquerade,,9164,,Zorrobots
4997,Masquerade,,15,,red 1,,3888,,Greased Lightning,,,5890,,e-lemon-ators,,4130,,Robotica Santi,25,,red 2,,4443,,Sock Monkeys,,,5972,,Patronum Bots,,7182,,Mechanical Paradox,48,,red 2,,5257,,Eagles Xperience,,,8405,,Miller Robotics,,5110,,Wingus & Dingus,,58,,blue 2,,365,,Miracle Workerz,25,,Rock 'n Roll Robots,,6055,,GearTicks,,,72,,blue 1,,7190,,Green Girls,5064,,Aperture Science,,7152,,Robot Squad,,85,,red 2,,8911,,Da Vinci Decoders,,,5206,,The Knights of Ni,,7953,,Vertigo,,99,,blue 1,,8716,,Techaholix,3480,,FrostByte,,8339,,Galaxy Robotechs,,,113,,blue 2,,5940,,Rockin' Robots,4378,,Black Box Robotics,,8231,,Skyhawks,,,141,,blue 1,,9164,,Zorrobots,4924,,Tuxedo Pandas,,4251,,Cougar Robotics,
5026,Tesla Coils,,1,,red 2,,25,,Rock 'n Roll Robots,,,5110,,Wingus & Dingus,,7013,,Hot Wired,,20,,blue 1,,7152,,Robot Squad,6002,,Basilisks,,7591,,Voltage Imagination,,36,,red 2,,9753,,Technomancers,,,4290,,High PHidelity,,542,,WHS Robotics,49,,red 1,,4251,,Cougar Robotics,,,4130,,Robotica Santi,,9751,,RAMS,69,,red 1,,5916,,Bo-Bots,,,6109,,Punabots,,9757,,Team Tulip,,83,,blue 1,,6134,,Black Frogs,7129,,Robo Raiders,,6987,,Hat Trix,,,109,,blue 1,,9164,,Zorrobots,5064,,Aperture Science,,6055,,GearTicks,,,128,,blue 2,,6210,,ViperBots Stryke,8911,,Da Vinci Decoders,,4211,,The Bombers,,144,,red 1,,7190,,Green Girls,,,9755,,HCC-2,,3113,,Some Disassembly
5064,Aperture Science,,,13,,blue 1,,4625,,Kings and Queens,5940,,Rockin' Robots,,5391,,Enigma Puzzlers,,,21,,blue 2,,6109,,Punabots,6565,,Stuffed Dragons,,9751,,RAMS,,45,,red 2,,7182,,Mechanical Paradox,,,7398,,BLUE CREW,,4211,,The Bombers,56,,red 2,,5842,,The Vampires,,,5257,,Eagles Xperience,,6210,,ViperBots Stryke,72,,red 1,,7152,,Robot Squad,,,4997,,Masquerade,,7190,,Green Girls,,91,,blue 1,,4443,,Sock Monkeys,6455,,MoHawk Warriors,,8339,,Galaxy Robotechs,,109,,red 1,,6055,,GearTicks,,,5026,,Tesla Coils,,9164,,Zorrobots,,123,,blue 2,,8405,,Miller Robotics,4924,,Tuxedo Pandas,,7013,,Hot Wired,,,142,,blue 2,,8498,,The Evil Purple Sox,5200,,Robots Incorporated,,6022,,To Be Determined,
5110,Wingus & Dingus,,,1,,blue 1,,7013,,Hot Wired,25,,Rock 'n Roll Robots,,5026,,Tesla Coils,,,29,,blue 2,,5940,,Rockin' Robots,365,,Miracle Workerz,,5200,,Robots Incorporated,,,48,,blue 2,,8405,,Miller Robotics,5257,,Eagles Xperience,,4997,,Masquerade,,63,,red 2,,4924,,Tuxedo Pandas,,,5843,,AutoVortex,,6312,,GOLDEN TIGERS,,71,,blue 1,,8339,,Galaxy Robotechs,4150,,Dark Matter,,5391,,Enigma Puzzlers,,,88,,blue 1,,4211,,The Bombers,5890,,e-lemon-ators,,8716,,Techaholix,,100,,red 2,,6134,,Black Frogs,,,8231,,Skyhawks,,9757,,Team Tulip,115,,red 2,,9751,,RAMS,,,9753,,Technomancers,,4174,,Atomic Theory,131,,red 1,,7591,,Voltage Imagination,,,4625,,Kings and Queens,,4886,,Robo Junkies
5200,Robots Incorporated,,,5,,blue 1,,8405,,Miller Robotics,6002,,Basilisks,,9755,,HCC-2,,29,,red 2,,365,,Miracle Workerz,,,5940,,Rockin' Robots,,5110,,Wingus & Dingus,,39,,blue 2,,3888,,Greased Lightning,5916,,Bo-Bots,,25,,Rock 'n Roll Robots,,53,,red 2,,7182,,Mechanical Paradox,,,5391,,Enigma Puzzlers,,3631,,Middle Earth Mechs,,75,,blue 1,,7129,,Robo Raiders,5843,,AutoVortex,,4886,,Robo Junkies,,87,,red 1,,5972,,Patronum Bots,,,3113,,Some Disassembly,,7591,,Voltage Imagination,,108,,blue 2,,4924,,Tuxedo Pandas,3491,,FIX IT,,5206,,The Knights of Ni,,,120,,blue 1,,542,,WHS Robotics,4130,,Robotica Santi,,7953,,Vertigo,,142,,red 1,,6022,,To Be Determined,,,8498,,The Evil Purple Sox,,5064,,Aperture Science
5206,The Knights of Ni,,,14,,blue 2,,6055,,GearTicks,3480,,FrostByte,,6210,,ViperBots Stryke,,,31,,blue 1,,8231,,Skyhawks,4625,,Kings and Queens,,3888,,Greased Lightning,,,41,,blue 2,,4251,,Cougar Robotics,9757,,Team Tulip,,7152,,Robot Squad,,52,,red 2,,9753,,Technomancers,,,5940,,Rockin' Robots,,7129,,Robo Raiders,,70,,blue 2,,25,,Rock 'n Roll Robots,6134,,Black Frogs,,4378,,Black Box Robotics,,,85,,blue 1,,7953,,Vertigo,8911,,Da Vinci Decoders,,4997,,Masquerade,,108,,red 2,,3491,,FIX IT,,,4924,,Tuxedo Pandas,,5200,,Robots Incorporated,125,,red 1,,3631,,Middle Earth Mechs,,,6987,,Hat Trix,,9755,,HCC-2,140,,red 2,,6911,,James Ruse,,,4211,,The Bombers,,7013,,Hot Wired
5215,THAT Team,,,16,,blue 1,,8911,,Da Vinci Decoders,6312,,GOLDEN TIGERS,,5972,,Patronum Bots,,30,,red 2,,6987,,Hat Trix,,,4924,,Tuxedo Pandas,,8716,,Techaholix,42,,red 1,,365,,Miracle Workerz,,,8339,,Galaxy Robotechs,,4625,,Kings and Queens,,51,,blue 2,,4886,,Robo Junkies,6109,,Punabots,,6911,,James Ruse,,68,,red 1,,6022,,To Be Determined,,,6455,,MoHawk Warriors,,5257,,Eagles Xperience,,82,,blue 1,,25,,Rock 'n Roll Robots,3631,,Middle Earth Mechs,,5842,,The Vampires,,112,,red 1,,5916,,Bo-Bots,,,8498,,The Evil Purple Sox,,7013,,Hot Wired,,127,,blue 2,,6055,,GearTicks,3113,,Some Disassembly,,7152,,Robot Squad,,138,,red 2,,4174,,Atomic Theory,,,4290,,High PHidelity,,8405,,Miller Robotics
5257,Eagles Xperience,,,8,,blue 2,,7591,,Voltage Imagination,5843,,AutoVortex,,9164,,Zorrobots,,18,,red 2,,3491,,FIX IT,,,25,,Rock 'n Roll Robots,,9753,,Technomancers,48,,red 1,,4997,,Masquerade,,,8405,,Miller Robotics,,5110,,Wingus & Dingus,,56,,blue 1,,6210,,ViperBots Stryke,5842,,The Vampires,,5064,,Aperture Science,,,68,,blue 2,,6455,,MoHawk Warriors,5215,,THAT Team,,6022,,To Be Determined,,81,,red 1,,4150,,Dark Matter,,,6911,,James Ruse,,9757,,Team Tulip,,107,,blue 2,,5391,,Enigma Puzzlers,7398,,BLUE CREW,,9751,,RAMS,,122,,red 2,,8498,,The Evil Purple Sox,,,6134,,Black Frogs,,4443,,Sock Monkeys,,137,,blue 1,,5916,,Bo-Bots,6987,,Hat Trix,,5972,,Patronum Bots,
5391,Enigma Puzzlers,,13,,red 2,,5940,,Rockin' Robots,,,5064,,Aperture Science,,4625,,Kings and Queens,,22,,blue 1,,542,,WHS Robotics,9755,,HCC-2,,4378,,Black Box Robotics,,,44,,blue 1,,8716,,Techaholix,6022,,To Be Determined,,6565,,Stuffed Dragons,,,53,,blue 1,,3631,,Middle Earth Mechs,7182,,Mechanical Paradox,,5200,,Robots Incorporated,,71,,red 2,,4150,,Dark Matter,,,5110,,Wingus & Dingus,,8339,,Galaxy Robotechs,89,,red 1,,6210,,ViperBots Stryke,,,4130,,Robotica Santi,,4886,,Robo Junkies,,107,,blue 1,,5257,,Eagles Xperience,7398,,BLUE CREW,,9751,,RAMS,,126,,red 2,,4251,,Cougar Robotics,,,5972,,Patronum Bots,,3491,,FIX IT,,143,,blue 1,,3888,,Greased Lightning,7152,,Robot Squad,,7129,,Robo Raiders,
5842,The Vampires,,3,,red 2,,542,,WHS Robotics,,,7152,,Robot Squad,,3491,,FIX IT,,17,,blue 2,,3113,,Some Disassembly,6022,,To Be Determined,,7013,,Hot Wired,,47,,red 2,,4443,,Sock Monkeys,,,9164,,Zorrobots,,8231,,Skyhawks,56,,red 1,,5064,,Aperture Science,,,5257,,Eagles Xperience,,6210,,ViperBots Stryke,,66,,blue 1,,8498,,The Evil Purple Sox,6055,,GearTicks,,4290,,High PHidelity,,82,,red 2,,3631,,Middle Earth Mechs,,,5215,,THAT Team,,25,,Rock 'n Roll Robots,106,,red 1,,6109,,Punabots,,,9753,,Technomancers,,7591,,Voltage Imagination,,121,,blue 2,,6911,,James Ruse,5890,,e-lemon-ators,,6455,,MoHawk Warriors,,,130,,blue 1,,4378,,Black Box Robotics,6565,,Stuffed Dragons,,3480,,FrostByte,
5843,AutoVortex,,8,,red 1,,9164,,Zorrobots,,,7591,,Voltage Imagination,,5257,,Eagles Xperience,,27,,blue 1,,6210,,ViperBots Stryke,7953,,Vertigo,,4174,,Atomic Theory,,,38,,blue 1,,9751,,RAMS,6987,,Hat Trix,,5890,,e-lemon-ators,,,63,,blue 1,,6312,,GOLDEN TIGERS,4924,,Tuxedo Pandas,,5110,,Wingus & Dingus,,75,,red 1,,4886,,Robo Junkies,,,5200,,Robots Incorporated,,7129,,Robo Raiders,84,,red 1,,8498,,The Evil Purple Sox,,,3480,,FrostByte,,542,,WHS Robotics,98,,red 1,,6022,,To Be Determined,,,5940,,Rockin' Robots,,6911,,James Ruse,,118,,blue 2,,6002,,Basilisks,365,,Miracle Workerz,,8716,,Techaholix,,133,,red 1,,4150,,Dark Matter,,,6455,,MoHawk Warriors,,3631,,Middle Earth Mechs
5890,e-lemon-ators,,,15,,blue 1,,4130,,Robotica Santi,4997,,Masquerade,,3888,,Greased Lightning,,,24,,blue 2,,8911,,Da Vinci Decoders,7190,,Green Girls,,4290,,High PHidelity,,38,,red 2,,6987,,Hat Trix,,,5843,,AutoVortex,,9751,,RAMS,62,,red 1,,8405,,Miller Robotics,,,9164,,Zorrobots,,5972,,Patronum Bots,,77,,blue 2,,7953,,Vertigo,6565,,Stuffed Dragons,,7591,,Voltage Imagination,,88,,red 1,,8716,,Techaholix,,,5110,,Wingus & Dingus,,4211,,The Bombers,,111,,blue 2,,9755,,HCC-2,6210,,ViperBots Stryke,,4251,,Cougar Robotics,,121,,red 1,,6455,,MoHawk Warriors,,,6911,,James Ruse,,5842,,The Vampires,,129,,blue 1,,365,,Miracle Workerz,8231,,Skyhawks,,9753,,Technomancers,
5916,Bo-Bots,,,9,,blue 2,,4443,,Sock Monkeys,8716,,Techaholix,,6911,,James Ruse,,,19,,blue 1,,6134,,Black Frogs,4150,,Dark Matter,,4211,,The Bombers,,39,,red 1,,25,,Rock 'n Roll Robots,,,3888,,Greased Lightning,,5200,,Robots Incorporated,,50,,blue 1,,8911,,Da Vinci Decoders,542,,WHS Robotics,,3113,,Some Disassembly,,69,,red 2,,5026,,Tesla Coils,,,6109,,Punabots,,9757,,Team Tulip,,94,,blue 2,,4378,,Black Box Robotics,7398,,BLUE CREW,,6002,,Basilisks,,112,,red 2,,5215,,THAT Team,,,8498,,The Evil Purple Sox,,7013,,Hot Wired,124,,red 1,,7182,,Mechanical Paradox,,,8339,,Galaxy Robotechs,,7129,,Robo Raiders,,137,,blue 2,,5257,,Eagles Xperience,6987,,Hat Trix,,5972,,Patronum Bots,
5940,Rockin' Robots,,13,,red 1,,5391,,Enigma Puzzlers,,,5064,,Aperture Science,,4625,,Kings and Queens,,29,,blue 1,,5110,,Wingus & Dingus,365,,Miracle Workerz,,5200,,Robots Incorporated,,43,,red 1,,7013,,Hot Wired,,,9755,,HCC-2,,6109,,Punabots,,52,,blue 1,,7129,,Robo Raiders,9753,,Technomancers,,5206,,The Knights of Ni,,78,,red 2,,4443,,Sock Monkeys,,,4924,,Tuxedo Pandas,,6210,,ViperBots Stryke,86,,red 2,,9164,,Zorrobots,,,7152,,Robot Squad,,4174,,Atomic Theory,,98,,blue 1,,6911,,James Ruse,5843,,AutoVortex,,6022,,To Be Determined,,,113,,blue 1,,4997,,Masquerade,4378,,Black Box Robotics,,8231,,Skyhawks,,139,,red 1,,9751,,RAMS,,,8911,,Da Vinci Decoders,,6055,,GearTicks
5972,Patronum Bots,,16,,red 2,,6312,,GOLDEN TIGERS,,,5215,,THAT Team,,8911,,Da Vinci Decoders,,25,,blue 1,,7182,,Mechanical Paradox,4443,,Sock Monkeys,,4997,,Masquerade,,,33,,blue 2,,3480,,FrostByte,7190,,Green Girls,,6134,,Black Frogs,,,62,,blue 2,,9164,,Zorrobots,5890,,e-lemon-ators,,8405,,Miller Robotics,,,76,,blue 1,,8231,,Skyhawks,9755,,HCC-2,,4130,,Robotica Santi,,87,,red 2,,5200,,Robots Incorporated,,,3113,,Some Disassembly,,7591,,Voltage Imagination,110,,red 1,,3631,,Middle Earth Mechs,,,3888,,Greased Lightning,,365,,Miracle Workerz,,126,,blue 1,,3491,,FIX IT,4251,,Cougar Robotics,,5391,,Enigma Puzzlers,,137,,red 2,,6987,,Hat Trix,,,5257,,Eagles Xperience,,5916,,Bo-Bots
6002,Basilisks,,5,,red 1,,9755,,HCC-2,,,5200,,Robots Incorporated,,8405,,Miller Robotics,20,,red 1,,7591,,Voltage Imagination,,,5026,,Tesla Coils,,7152,,Robot Squad,35,,red 2,,6210,,ViperBots Stryke,,,3631,,Middle Earth Mechs,,3113,,Some Disassembly,,55,,blue 1,,4150,,Dark Matter,3888,,Greased Lightning,,8498,,The Evil Purple Sox,,,79,,blue 1,,9751,,RAMS,4211,,The Bombers,,6312,,GOLDEN TIGERS,,94,,red 2,,7398,,BLUE CREW,,,4378,,Black Box Robotics,,5916,,Bo-Bots,,105,,blue 2,,6565,,Stuffed Dragons,7182,,Mechanical Paradox,,4886,,Robo Junkies,,,118,,blue 1,,5843,,AutoVortex,365,,Miracle Workerz,,8716,,Techaholix,,,132,,blue 1,,7953,,Vertigo,6109,,Punabots,,4443,,Sock Monkeys,
6022,To Be Determined,,,7,,blue 1,,4290,,High PHidelity,8339,,Galaxy Robotechs,,7398,,BLUE CREW,,17,,red 1,,7013,,Hot Wired,,,3113,,Some Disassembly,,5842,,The Vampires,44,,red 1,,6565,,Stuffed Dragons,,,5391,,Enigma Puzzlers,,8716,,Techaholix,,54,,blue 2,,4625,,Kings and Queens,3491,,FIX IT,,4378,,Black Box Robotics,,68,,red 2,,5215,,THAT Team,,,6455,,MoHawk Warriors,,5257,,Eagles Xperience,,90,,blue 2,,4251,,Cougar Robotics,6312,,GOLDEN TIGERS,,7182,,Mechanical Paradox,,98,,red 2,,5843,,AutoVortex,,,5940,,Rockin' Robots,,6911,,James Ruse,,119,,blue 2,,4886,,Robo Junkies,3888,,Greased Lightning,,9164,,Zorrobots,,142,,red 2,,5200,,Robots Incorporated,,,8498,,The Evil Purple Sox,,5064,,Aperture Science
6055,GearTicks,,,14,,blue 1,,5206,,The Knights of Ni,3480,,FrostByte,,6210,,ViperBots Stryke,,32,,red 2,,7398,,BLUE CREW,,,4886,,Robo Junkies,,4251,,Cougar Robotics,,46,,blue 2,,4174,,Atomic Theory,4924,,Tuxedo Pandas,,6455,,MoHawk Warriors,,58,,red 2,,25,,Rock 'n Roll Robots,,,365,,Miracle Workerz,,4997,,Masquerade,66,,red 1,,4290,,High PHidelity,,,5842,,The Vampires,,8498,,The Evil Purple Sox,,92,,blue 2,,6109,,Punabots,8231,,Skyhawks,,8405,,Miller Robotics,,109,,red 2,,5064,,Aperture Science,,,5026,,Tesla Coils,,9164,,Zorrobots,,127,,blue 1,,5215,,THAT Team,3113,,Some Disassembly,,7152,,Robot Squad,,,139,,blue 2,,8911,,Da Vinci Decoders,5940,,Rockin' Robots,,9751,,RAMS,
6109,Punabots,,6,,red 2,,4174,,Atomic Theory,,,4251,,Cougar Robotics,,8498,,The Evil Purple Sox,,21,,blue 1,,5064,,Aperture Science,6565,,Stuffed Dragons,,9751,,RAMS,,,43,,blue 2,,9755,,HCC-2,5940,,Rockin' Robots,,7013,,Hot Wired,,51,,red 1,,6911,,James Ruse,,,4886,,Robo Junkies,,5215,,THAT Team,,69,,blue 1,,9757,,Team Tulip,5026,,Tesla Coils,,5916,,Bo-Bots,,,92,,blue 1,,6055,,GearTicks,8231,,Skyhawks,,8405,,Miller Robotics,,106,,red 2,,5842,,The Vampires,,,9753,,Technomancers,,7591,,Voltage Imagination,116,,red 1,,4625,,Kings and Queens,,,4150,,Dark Matter,,3480,,FrostByte,132,,red 1,,4443,,Sock Monkeys,,,6002,,Basilisks,,7953,,Vertigo
6134,Black Frogs,,2,,red 2,,365,,Miracle Workerz,,,6565,,Stuffed Dragons,,3113,,Some Disassembly,,19,,blue 2,,5916,,Bo-Bots,4150,,Dark Matter,,4211,,The Bombers,,33,,red 2,,7190,,Green Girls,,,3480,,FrostByte,,5972,,Patronum Bots,,60,,blue 2,,7398,,BLUE CREW,7152,,Robot Squad,,6455,,MoHawk Warriors,,70,,red 1,,4378,,Black Box Robotics,,,25,,Rock 'n Roll Robots,,5206,,The Knights of Ni,,83,,blue 2,,5026,,Tesla Coils,7129,,Robo Raiders,,6987,,Hat Trix,,100,,red 1,,5110,,Wingus & Dingus,,,8231,,Skyhawks,,9757,,Team Tulip,,122,,blue 1,,4443,,Sock Monkeys,8498,,The Evil Purple Sox,,5257,,Eagles Xperience,,135,,red 1,,8716,,Techaholix,,,7182,,Mechanical Paradox,,4130,,Robotica Santi
6210,ViperBots Stryke,,14,,red 2,,3480,,FrostByte,,,6055,,GearTicks,,5206,,The Knights of Ni,,27,,blue 2,,5843,,AutoVortex,7953,,Vertigo,,4174,,Atomic Theory,,35,,red 1,,6002,,Basilisks,,,3631,,Middle Earth Mechs,,3113,,Some Disassembly,,56,,blue 2,,5257,,Eagles Xperience,5842,,The Vampires,,5064,,Aperture Science,,,78,,blue 2,,4924,,Tuxedo Pandas,4443,,Sock Monkeys,,5940,,Rockin' Robots,,89,,red 2,,5391,,Enigma Puzzlers,,,4130,,Robotica Santi,,4886,,Robo Junkies,111,,red 1,,4251,,Cougar Robotics,,,9755,,HCC-2,,5890,,e-lemon-ators,,128,,blue 1,,5026,,Tesla Coils,8911,,Da Vinci Decoders,,4211,,The Bombers,,136,,red 1,,7398,,BLUE CREW,,,3491,,FIX IT,,6312,,GOLDEN TIGERS
6312,GOLDEN TIGERS,,16,,red 1,,5972,,Patronum Bots,,,5215,,THAT Team,,8911,,Da Vinci Decoders,,26,,blue 2,,8339,,Galaxy Robotechs,3631,,Middle Earth Mechs,,9164,,Zorrobots,,,40,,blue 2,,7953,,Vertigo,4886,,Robo Junkies,,8498,,The Evil Purple Sox,,,63,,blue 2,,5843,,AutoVortex,4924,,Tuxedo Pandas,,5110,,Wingus & Dingus,,79,,red 2,,4211,,The Bombers,,,6002,,Basilisks,,9751,,RAMS,90,,red 1,,7182,,Mechanical Paradox,,,4251,,Cougar Robotics,,6022,,To Be Determined,104,,red 2,,4174,,Atomic Theory,,,4625,,Kings and Queens,,7190,,Green Girls,,114,,blue 1,,25,,Rock 'n Roll Robots,7591,,Voltage Imagination,,4290,,High PHidelity,,,136,,blue 2,,3491,,FIX IT,6210,,ViperBots Stryke,,7398,,BLUE CREW,
6455,MoHawk Warriors,,,10,,blue 2,,7190,,Green Girls,9753,,Technomancers,,4886,,Robo Junkies,,,28,,blue 2,,4130,,Robotica Santi,9757,,Team Tulip,,8498,,The Evil Purple Sox,,46,,red 2,,4924,,Tuxedo Pandas,,,4174,,Atomic Theory,,6055,,GearTicks,60,,red 2,,7152,,Robot Squad,,,7398,,BLUE CREW,,6134,,Black Frogs,,68,,blue 1,,5257,,Eagles Xperience,5215,,THAT Team,,6022,,To Be Determined,,91,,red 1,,8339,,Galaxy Robotechs,,,5064,,Aperture Science,,4443,,Sock Monkeys,102,,red 1,,8405,,Miller Robotics,,,8911,,Da Vinci Decoders,,4378,,Black Box Robotics,121,,red 2,,5890,,e-lemon-ators,,,6911,,James Ruse,,5842,,The Vampires,,133,,blue 1,,3631,,Middle Earth Mechs,5843,,AutoVortex,,4150,,Dark Matter,
6565,Stuffed Dragons,,,2,,blue 1,,3113,,Some Disassembly,365,,Miracle Workerz,,6134,,Black Frogs,,21,,red 1,,9751,,RAMS,,,6109,,Punabots,,5064,,Aperture Science,44,,red 2,,6022,,To Be Determined,,,5391,,Enigma Puzzlers,,8716,,Techaholix,,59,,blue 1,,6987,,Hat Trix,8231,,Skyhawks,,4211,,The Bombers,,77,,red 1,,7591,,Voltage Imagination,,,7953,,Vertigo,,5890,,e-lemon-ators,95,,red 2,,4625,,Kings and Queens,,,7013,,Hot Wired,,9753,,Technomancers,,105,,blue 1,,6002,,Basilisks,7182,,Mechanical Paradox,,4886,,Robo Junkies,,117,,red 2,,9757,,Team Tulip,,,7398,,BLUE CREW,,7190,,Green Girls,130,,red 1,,3480,,FrostByte,,,5842,,The Vampires,,4378,,Black Box Robotics
6911,James Ruse,,9,,red 2,,8716,,Techaholix,,,4443,,Sock Monkeys,,5916,,Bo-Bots,23,,red 2,,8405,,Miller Robotics,,,7129,,Robo Raiders,,3480,,FrostByte,,37,,blue 2,,7591,,Voltage Imagination,4130,,Robotica Santi,,4378,,Black Box Robotics,,51,,red 2,,6109,,Punabots,,,4886,,Robo Junkies,,5215,,THAT Team,,67,,blue 2,,3631,,Middle Earth Mechs,4251,,Cougar Robotics,,4625,,Kings and Queens,,,81,,blue 1,,9757,,Team Tulip,5257,,Eagles Xperience,,4150,,Dark Matter,,,98,,blue 2,,5940,,Rockin' Robots,5843,,AutoVortex,,6022,,To Be Determined,,,121,,blue 1,,5842,,The Vampires,5890,,e-lemon-ators,,6455,,MoHawk Warriors,,140,,red 1,,5206,,The Knights of Ni,,,4211,,The Bombers,,7013,,Hot Wired
6987,Hat Trix,,11,,red 1,,4150,,Dark Matter,,,4378,,Black Box Robotics,,7182,,Mechanical Paradox,30,,red 1,,5215,,THAT Team,,,4924,,Tuxedo Pandas,,8716,,Techaholix,38,,red 1,,5890,,e-lemon-ators,,,5843,,AutoVortex,,9751,,RAMS,,59,,blue 2,,6565,,Stuffed Dragons,8231,,Skyhawks,,4211,,The Bombers,,,74,,blue 1,,365,,Miracle Workerz,9164,,Zorrobots,,542,,WHS Robotics,,83,,red 2,,7129,,Robo Raiders,,,5026,,Tesla Coils,,6134,,Black Frogs,,97,,blue 1,,7152,,Robot Squad,7953,,Vertigo,,25,,Rock 'n Roll Robots,,,125,,blue 1,,9755,,HCC-2,5206,,The Knights of Ni,,3631,,Middle Earth Mechs,,137,,red 1,,5972,,Patronum Bots,,,5257,,Eagles Xperience,,5916,,Bo-Bots
7013,Hot Wired,,,1,,blue 2,,5110,,Wingus & Dingus,25,,Rock 'n Roll Robots,,5026,,Tesla Coils,,17,,red 2,,6022,,To Be Determined,,,3113,,Some Disassembly,,5842,,The Vampires,43,,red 2,,5940,,Rockin' Robots,,,9755,,HCC-2,,6109,,Punabots,61,,red 2,,7953,,Vertigo,,,7190,,Green Girls,,8339,,Galaxy Robotechs,,73,,blue 1,,4174,,Atomic Theory,8911,,Da Vinci Decoders,,3888,,Greased Lightning,,,95,,blue 1,,9753,,Technomancers,4625,,Kings and Queens,,6565,,Stuffed Dragons,,,112,,blue 2,,8498,,The Evil Purple Sox,5215,,THAT Team,,5916,,Bo-Bots,,123,,red 2,,4924,,Tuxedo Pandas,,,8405,,Miller Robotics,,5064,,Aperture Science,,140,,blue 2,,4211,,The Bombers,6911,,James Ruse,,5206,,The Knights of Ni,
7129,Robo Raiders,,12,,red 1,,8231,,Skyhawks,,,9751,,RAMS,,3631,,Middle Earth Mechs,,23,,blue 1,,3480,,FrostByte,8405,,Miller Robotics,,6911,,James Ruse,,34,,red 2,,8911,,Da Vinci Decoders,,,4150,,Dark Matter,,3491,,FIX IT,,52,,blue 2,,5940,,Rockin' Robots,9753,,Technomancers,,5206,,The Knights of Ni,,,75,,blue 2,,5200,,Robots Incorporated,5843,,AutoVortex,,4886,,Robo Junkies,,83,,red 1,,6987,,Hat Trix,,,5026,,Tesla Coils,,6134,,Black Frogs,,101,,blue 1,,4211,,The Bombers,4443,,Sock Monkeys,,542,,WHS Robotics,,,124,,blue 2,,8339,,Galaxy Robotechs,5916,,Bo-Bots,,7182,,Mechanical Paradox,,143,,red 2,,7152,,Robot Squad,,,5391,,Enigma Puzzlers,,3888,,Greased Lightning
7152,Robot Squad,,,3,,blue 1,,3491,,FIX IT,542,,WHS Robotics,,5842,,The Vampires,,,20,,blue 2,,5026,,Tesla Coils,6002,,Basilisks,,7591,,Voltage Imagination,,41,,red 2,,9757,,Team Tulip,,,4251,,Cougar Robotics,,5206,,The Knights of Ni,60,,red 1,,6455,,MoHawk Warriors,,,7398,,BLUE CREW,,6134,,Black Frogs,72,,red 2,,5064,,Aperture Science,,,4997,,Masquerade,,7190,,Green Girls,,86,,blue 1,,4174,,Atomic Theory,9164,,Zorrobots,,5940,,Rockin' Robots,,,97,,blue 2,,6987,,Hat Trix,7953,,Vertigo,,25,,Rock 'n Roll Robots,,127,,red 2,,3113,,Some Disassembly,,,6055,,GearTicks,,5215,,THAT Team,143,,red 1,,7129,,Robo Raiders,,,5391,,Enigma Puzzlers,,3888,,Greased Lightning
7182,Mechanical Paradox,,,11,,blue 2,,4378,,Black Box Robotics,6987,,Hat Trix,,4150,,Dark Matter,,,25,,blue 2,,5972,,Patronum Bots,4443,,Sock Monkeys,,4997,,Masquerade,,45,,red 1,,5064,,Aperture Science,,,7398,,BLUE CREW,,4211,,The Bombers,53,,red 1,,5200,,Robots Incorporated,,,5391,,Enigma Puzzlers,,3631,,Middle Earth Mechs,,65,,blue 2,,3491,,FIX IT,3480,,FrostByte,,3113,,Some Disassembly,,90,,red 2,,6312,,GOLDEN TIGERS,,,4251,,Cougar Robotics,,6022,,To Be Determined,105,,red 1,,4886,,Robo Junkies,,,6565,,Stuffed Dragons,,6002,,Basilisks,124,,red 2,,5916,,Bo-Bots,,,8339,,Galaxy Robotechs,,7129,,Robo Raiders,,135,,blue 1,,4130,,Robotica Santi,6134,,Black Frogs,,8716,,Techaholix,
7190,Green Girls,,,10,,blue 1,,6455,,MoHawk Warriors,9753,,Technomancers,,4886,,Robo Junkies,,24,,red 1,,4290,,High PHidelity,,,8911,,Da Vinci Decoders,,5890,,e-lemon-ators,33,,red 1,,6134,,Black Frogs,,,3480,,FrostByte,,5972,,Patronum Bots,,61,,blue 1,,8339,,Galaxy Robotechs,7953,,Vertigo,,7013,,Hot Wired,,,72,,blue 2,,4997,,Masquerade,5064,,Aperture Science,,7152,,Robot Squad,,96,,red 1,,4924,,Tuxedo Pandas,,,3888,,Greased Lightning,,9751,,RAMS,,104,,blue 2,,4625,,Kings and Queens,4174,,Atomic Theory,,6312,,GOLDEN TIGERS,,,117,,blue 2,,7398,,BLUE CREW,9757,,Team Tulip,,6565,,Stuffed Dragons,,144,,red 2,,5026,,Tesla Coils,,,9755,,HCC-2,,3113,,Some Disassembly
7398,BLUE CREW,,7,,red 2,,8339,,Galaxy Robotechs,,,6022,,To Be Determined,,4290,,High PHidelity,32,,red 1,,6055,,GearTicks,,,4886,,Robo Junkies,,4251,,Cougar Robotics,,45,,blue 1,,4211,,The Bombers,7182,,Mechanical Paradox,,5064,,Aperture Science,,,60,,blue 1,,6134,,Black Frogs,7152,,Robot Squad,,6455,,MoHawk Warriors,,,80,,blue 2,,8405,,Miller Robotics,9753,,Technomancers,,8716,,Techaholix,,94,,red 1,,6002,,Basilisks,,,4378,,Black Box Robotics,,5916,,Bo-Bots,107,,red 1,,9751,,RAMS,,,5391,,Enigma Puzzlers,,5257,,Eagles Xperience,,117,,blue 1,,7190,,Green Girls,9757,,Team Tulip,,6565,,Stuffed Dragons,,136,,red 2,,6210,,ViperBots Stryke,,,3491,,FIX IT,,6312,,GOLDEN TIGERS
7591,Voltage Imagination,,,8,,blue 1,,5257,,Eagles Xperience,5843,,AutoVortex,,9164,,Zorrobots,,20,,red 2,,6002,,Basilisks,,,5026,,Tesla Coils,,7152,,Robot Squad,,37,,blue 1,,6911,,James Ruse,4130,,Robotica Santi,,4378,,Black Box Robotics,,64,,red 1,,4174,,Atomic Theory,,,9755,,HCC-2,,8716,,Techaholix,77,,red 2,,6565,,Stuffed Dragons,,,7953,,Vertigo,,5890,,e-lemon-ators,,87,,blue 2,,3113,,Some Disassembly,5200,,Robots Incorporated,,5972,,Patronum Bots,,,106,,blue 2,,9753,,Technomancers,5842,,The Vampires,,6109,,Punabots,,114,,red 1,,4290,,High PHidelity,,,6312,,GOLDEN TIGERS,,25,,Rock 'n Roll Robots,131,,red 2,,5110,,Wingus & Dingus,,,4625,,Kings and Queens,,4886,,Robo Junkies
7953,Vertigo,,4,,red 2,,9757,,Team Tulip,,,4211,,The Bombers,,4924,,Tuxedo Pandas,27,,red 1,,4174,,Atomic Theory,,,5843,,AutoVortex,,6210,,ViperBots Stryke,,40,,blue 1,,6312,,GOLDEN TIGERS,4886,,Robo Junkies,,8498,,The Evil Purple Sox,,61,,red 1,,7013,,Hot Wired,,,7190,,Green Girls,,8339,,Galaxy Robotechs,,77,,blue 1,,5890,,e-lemon-ators,6565,,Stuffed Dragons,,7591,,Voltage Imagination,,,85,,blue 2,,5206,,The Knights of Ni,8911,,Da Vinci Decoders,,4997,,Masquerade,,97,,red 1,,25,,Rock 'n Roll Robots,,,6987,,Hat Trix,,7152,,Robot Squad,120,,red 2,,4130,,Robotica Santi,,,5200,,Robots Incorporated,,542,,WHS Robotics,,132,,blue 2,,6002,,Basilisks,6109,,Punabots,,4443,,Sock Monkeys,
8231,Skyhawks,,12,,red 2,,7129,,Robo Raiders,,,9751,,RAMS,,3631,,Middle Earth Mechs,,31,,blue 2,,5206,,The Knights of Ni,4625,,Kings and Queens,,3888,,Greased Lightning,,,47,,blue 2,,9164,,Zorrobots,4443,,Sock Monkeys,,5842,,The Vampires,,59,,red 1,,4211,,The Bombers,,,6565,,Stuffed Dragons,,6987,,Hat Trix,,76,,blue 2,,5972,,Patronum Bots,9755,,HCC-2,,4130,,Robotica Santi,,92,,red 1,,8405,,Miller Robotics,,,6109,,Punabots,,6055,,GearTicks,,100,,blue 1,,9757,,Team Tulip,6134,,Black Frogs,,5110,,Wingus & Dingus,,113,,red 2,,4378,,Black Box Robotics,,,5940,,Rockin' Robots,,4997,,Masquerade,129,,red 1,,9753,,Technomancers,,,5890,,e-lemon-ators,,365,,Miracle Workerz
8339,Galaxy Robotechs,,7,,red 1,,7398,,BLUE CREW,,,6022,,To Be Determined,,4290,,High PHidelity,,26,,blue 1,,6312,,GOLDEN TIGERS,3631,,Middle Earth Mechs,,9164,,Zorrobots,,,42,,blue 1,,4625,,Kings and Queens,5215,,THAT Team,,365,,Miracle Workerz,,,61,,blue 2,,7190,,Green Girls,7953,,Vertigo,,7013,,Hot Wired,,,71,,blue 2,,5110,,Wingus & Dingus,4150,,Dark Matter,,5391,,Enigma Puzzlers,,91,,red 2,,6455,,MoHawk Warriors,,,5064,,Aperture Science,,4443,,Sock Monkeys,99,,red 2,,3480,,FrostByte,,,4997,,Masquerade,,8716,,Techaholix,,124,,blue 1,,7129,,Robo Raiders,5916,,Bo-Bots,,7182,,Mechanical Paradox,,134,,red 2,,9757,,Team Tulip,,,25,,Rock 'n Roll Robots,,542,,WHS Robotics
8405,Miller Robotics,,,5,,blue 2,,5200,,Robots Incorporated,6002,,Basilisks,,9755,,HCC-2,,23,,red 1,,6911,,James Ruse,,,7129,,Robo Raiders,,3480,,FrostByte,,48,,blue 1,,5110,,Wingus & Dingus,5257,,Eagles Xperience,,4997,,Masquerade,,62,,red 2,,5890,,e-lemon-ators,,,9164,,Zorrobots,,5972,,Patronum Bots,,80,,blue 1,,7398,,BLUE CREW,9753,,Technomancers,,8716,,Techaholix,,92,,red 2,,8231,,Skyhawks,,,6109,,Punabots,,6055,,GearTicks,102,,red 2,,6455,,MoHawk Warriors,,,8911,,Da Vinci Decoders,,4378,,Black Box Robotics,,123,,blue 1,,5064,,Aperture Science,4924,,Tuxedo Pandas,,7013,,Hot Wired,,,138,,blue 2,,4290,,High PHidelity,4174,,Atomic Theory,,5215,,THAT Team,
8498,The Evil Purple Sox,,,6,,blue 2,,4251,,Cougar Robotics,4174,,Atomic Theory,,6109,,Punabots,,28,,red 2,,9757,,Team Tulip,,,4130,,Robotica Santi,,6455,,MoHawk Warriors,40,,red 2,,4886,,Robo Junkies,,,7953,,Vertigo,,6312,,GOLDEN TIGERS,55,,red 2,,3888,,Greased Lightning,,,6002,,Basilisks,,4150,,Dark Matter,,66,,blue 2,,5842,,The Vampires,6055,,GearTicks,,4290,,High PHidelity,,84,,red 2,,5843,,AutoVortex,,,3480,,FrostByte,,542,,WHS Robotics,,112,,blue 1,,7013,,Hot Wired,5215,,THAT Team,,5916,,Bo-Bots,,122,,red 1,,5257,,Eagles Xperience,,,6134,,Black Frogs,,4443,,Sock Monkeys,,142,,blue 1,,5064,,Aperture Science,5200,,Robots Incorporated,,6022,,To Be Determined,
8716,Techaholix,,9,,red 1,,6911,,James Ruse,,,4443,,Sock Monkeys,,5916,,Bo-Bots,,30,,blue 2,,4924,,Tuxedo Pandas,6987,,Hat Trix,,5215,,THAT Team,,,44,,blue 2,,5391,,Enigma Puzzlers,6022,,To Be Determined,,6565,,Stuffed Dragons,,,64,,blue 2,,9755,,HCC-2,7591,,Voltage Imagination,,4174,,Atomic Theory,,80,,red 2,,9753,,Technomancers,,,8405,,Miller Robotics,,7398,,BLUE CREW,88,,red 2,,5890,,e-lemon-ators,,,5110,,Wingus & Dingus,,4211,,The Bombers,,99,,blue 2,,4997,,Masquerade,3480,,FrostByte,,8339,,Galaxy Robotechs,,118,,red 2,,365,,Miracle Workerz,,,6002,,Basilisks,,5843,,AutoVortex,135,,red 2,,6134,,Black Frogs,,,7182,,Mechanical Paradox,,4130,,Robotica Santi
8911,Da Vinci Decoders,,,16,,blue 2,,5215,,THAT Team,6312,,GOLDEN TIGERS,,5972,,Patronum Bots,,,24,,blue 1,,5890,,e-lemon-ators,7190,,Green Girls,,4290,,High PHidelity,,34,,red 1,,7129,,Robo Raiders,,,4150,,Dark Matter,,3491,,FIX IT,,50,,blue 2,,5916,,Bo-Bots,542,,WHS Robotics,,3113,,Some Disassembly,,73,,red 1,,3888,,Greased Lightning,,,7013,,Hot Wired,,4174,,Atomic Theory,85,,red 1,,4997,,Masquerade,,,5206,,The Knights of Ni,,7953,,Vertigo,,102,,blue 1,,4378,,Black Box Robotics,6455,,MoHawk Warriors,,8405,,Miller Robotics,,128,,red 1,,4211,,The Bombers,,,6210,,ViperBots Stryke,,5026,,Tesla Coils,,139,,blue 1,,6055,,GearTicks,5940,,Rockin' Robots,,9751,,RAMS,
9164,Zorrobots,,8,,red 2,,5843,,AutoVortex,,,7591,,Voltage Imagination,,5257,,Eagles Xperience,26,,red 2,,3631,,Middle Earth Mechs,,,8339,,Galaxy Robotechs,,6312,,GOLDEN TIGERS,,47,,blue 1,,8231,,Skyhawks,4443,,Sock Monkeys,,5842,,The Vampires,,,62,,blue 1,,5972,,Patronum Bots,5890,,e-lemon-ators,,8405,,Miller Robotics,,74,,red 1,,542,,WHS Robotics,,,6987,,Hat Trix,,365,,Miracle Workerz,86,,red 1,,5940,,Rockin' Robots,,,7152,,Robot Squad,,4174,,Atomic Theory,,109,,blue 2,,5026,,Tesla Coils,5064,,Aperture Science,,6055,,GearTicks,,119,,red 2,,3888,,Greased Lightning,,,4886,,Robo Junkies,,6022,,To Be Determined,,141,,blue 2,,4997,,Masquerade,4924,,Tuxedo Pandas,,4251,,Cougar Robotics,
9751,RAMS,,,12,,blue 1,,3631,,Middle Earth Mechs,7129,,Robo Raiders,,8231,,Skyhawks,,21,,red 2,,6565,,Stuffed Dragons,,,6109,,Punabots,,5064,,Aperture Science,,38,,blue 2,,5843,,AutoVortex,6987,,Hat Trix,,5890,,e-lemon-ators,,,49,,blue 2,,4130,,Robotica Santi,5026,,Tesla Coils,,4251,,Cougar Robotics,,,79,,blue 2,,6002,,Basilisks,4211,,The Bombers,,6312,,GOLDEN TIGERS,,,96,,blue 2,,3888,,Greased Lightning,7190,,Green Girls,,4924,,Tuxedo Pandas,,107,,red 2,,7398,,BLUE CREW,,,5391,,Enigma Puzzlers,,5257,,Eagles Xperience,115,,red 1,,5110,,Wingus & Dingus,,,9753,,Technomancers,,4174,,Atomic Theory,139,,red 2,,5940,,Rockin' Robots,,,8911,,Da Vinci Decoders,,6055,,GearTicks
9753,Technomancers,,10,,red 1,,4886,,Robo Junkies,,,7190,,Green Girls,,6455,,MoHawk Warriors,,18,,blue 2,,25,,Rock 'n Roll Robots,3491,,FIX IT,,5257,,Eagles Xperience,,36,,red 1,,5026,,Tesla Coils,,,4290,,High PHidelity,,542,,WHS Robotics,52,,red 1,,5206,,The Knights of Ni,,,5940,,Rockin' Robots,,7129,,Robo Raiders,80,,red 1,,8716,,Techaholix,,,8405,,Miller Robotics,,7398,,BLUE CREW,,95,,blue 2,,7013,,Hot Wired,4625,,Kings and Queens,,6565,,Stuffed Dragons,,,106,,blue 1,,7591,,Voltage Imagination,5842,,The Vampires,,6109,,Punabots,,,115,,blue 1,,4174,,Atomic Theory,9751,,RAMS,,5110,,Wingus & Dingus,,129,,red 2,,8231,,Skyhawks,,,5890,,e-lemon-ators,,365,,Miracle Workerz
9755,HCC-2,,5,,red 2,,6002,,Basilisks,,,5200,,Robots Incorporated,,8405,,Miller Robotics,22,,red 1,,4378,,Black Box Robotics,,,5391,,Enigma Puzzlers,,542,,WHS Robotics,,43,,blue 1,,6109,,Punabots,5940,,Rockin' Robots,,7013,,Hot Wired,,,64,,blue 1,,8716,,Techaholix,7591,,Voltage Imagination,,4174,,Atomic Theory,,76,,red 1,,4130,,Robotica Santi,,,5972,,Patronum Bots,,8231,,Skyhawks,93,,red 1,,3491,,FIX IT,,,365,,Miracle Workerz,,4290,,High PHidelity,,111,,blue 1,,5890,,e-lemon-ators,6210,,ViperBots Stryke,,4251,,Cougar Robotics,,,125,,blue 2,,6987,,Hat Trix,5206,,The Knights of Ni,,3631,,Middle Earth Mechs,,,144,,blue 1,,3113,,Some Disassembly,5026,,Tesla Coils,,7190,,Green Girls,
9757,Team Tulip,,4,,red 1,,7953,,Vertigo,,,4211,,The Bombers,,4924,,Tuxedo Pandas,28,,red 1,,8498,,The Evil Purple Sox,,,4130,,Robotica Santi,,6455,,MoHawk Warriors,41,,red 1,,7152,,Robot Squad,,,4251,,Cougar Robotics,,5206,,The Knights of Ni,,57,,blue 2,,4443,,Sock Monkeys,3480,,FrostByte,,4290,,High PHidelity,,,69,,blue 2,,6109,,Punabots,5026,,Tesla Coils,,5916,,Bo-Bots,,,81,,blue 2,,6911,,James Ruse,5257,,Eagles Xperience,,4150,,Dark Matter,,,100,,blue 2,,8231,,Skyhawks,6134,,Black Frogs,,5110,,Wingus & Dingus,,117,,red 1,,6565,,Stuffed Dragons,,,7398,,BLUE CREW,,7190,,Green Girls,134,,red 1,,8339,,Galaxy Robotechs,,,25,,Rock 'n Roll Robots,,542,,WHS Robotics
28,PolyGnomes,,3,,red 1,,8327,,Spartans,,,6389,,The LazyBotts,,5151,,Infinity,,24,,blue 2,,7550,,BuffnBlue 7550,8338,,Shatterdome,,9756,,M&T,,33,,red 1,,4530,,Infinite Resistance,,,7477,,Super 7,,4100,,Darbots 1,56,,red 2,,8221,,CUBIX^3,,,3805,,Atomic Robotics,,8609,,"Blue Crew, Too",74,,red 2,,7172,,Technical Difficulties,,,5466,,Combustible Lemons,,9746,,PML30-phi,,82,,blue 2,,2844,,Valley X Robotics,6007,,Octopi,,7023,,HexaSonics,,,100,,blue 1,,4029,,2 Bits and a Byte,6137,,RoBowties,,3595,,Schrodinger's Hat,,,125,,blue 2,,5894,,V-CUBE,6037,,W.A.G.S.,,6735,,Team Medusa,,,144,,blue 1,,7487,,Super 7,6433,,Neutrinos,,6451,,Tarpon Robotics,
201,The Robo Broncos,,16,,red 1,,9048,,Philobots,,,6037,,W.A.G.S.,,7172,,Technical Difficulties,,25,,blue 1,,8330,,AZTECH II,7477,,Super 7,,5894,,V-CUBE,,47,,red 1,,9752,,AmazKing,,,5145,,Bronz Bots,,9749,,Smurfs,61,,red 1,,8471,,The Ducks,,,7655,,The Q is Silqent,,519,,ED Too,,72,,blue 2,,6735,,Team Medusa,6935,,PARADOX,,7350,,Watts NXT?,,,90,,blue 1,,3415,,Lancers,7006,,RoboTitans,,4029,,2 Bits and a Byte,,105,,red 1,,724,,RedNek Wun,,,6433,,Neutrinos,,2844,,Valley X Robotics,,119,,blue 1,,8221,,CUBIX^3,3085,,Higgs Bots,,6007,,Octopi,,,130,,blue 2,,6133,,"The ""NUTS!""",5466,,Combustible Lemons,,5140,,WACO Aerobotics,
519,ED Too,,,2,,blue 2,,9754,,So7en,4250,,LIGHTSABERS,,4100,,Darbots 1,,19,,red 2,,9752,,AmazKing,,,4318,,Super 7,,5975,,CYBOTS,34,,red 1,,9746,,PML30-phi,,,6137,,RoBowties,,6735,,Team Medusa,,61,,blue 2,,7655,,The Q is Silqent,201,,The Robo Broncos,,8471,,The Ducks,,76,,red 1,,6081,,i^2r robotics,,,7477,,Super 7,,7006,,RoboTitans,85,,red 2,,7138,,Mech Mayhem,,,9048,,Philobots,,6433,,Neutrinos,,112,,blue 2,,7172,,Technical Difficulties,4855,,Batteries In Black,,6389,,The LazyBotts,,127,,red 1,,7487,,Super 7,,,3595,,Schrodinger's Hat,,3415,,Lancers,,137,,blue 1,,6037,,W.A.G.S.,8790,,MoHawk Elites,,3805,,Atomic Robotics,
724,RedNek Wun,,,12,,blue 1,,7350,,Watts NXT?,6451,,Tarpon Robotics,,3415,,Lancers,,29,,red 1,,7172,,Technical Difficulties,,,9747,,Carousel,,7187,,Team Axis,40,,red 2,,3085,,Higgs Bots,,,8338,,Shatterdome,,9754,,So7en,,51,,blue 2,,9756,,M&T,3595,,Schrodinger's Hat,,5151,,Infinity,,77,,red 2,,7138,,Mech Mayhem,,,8330,,AZTECH II,,4530,,Infinite Resistance,93,,red 2,,4082,,RoboSpartans,,,8790,,MoHawk Elites,,6389,,The LazyBotts,105,,red 2,,201,,The Robo Broncos,,,6433,,Neutrinos,,2844,,Valley X Robotics,,114,,blue 1,,9048,,Philobots,5096,,Monkey Madness,,6081,,i^2r robotics,,,141,,blue 2,,8609,,"Blue Crew, Too",7006,,RoboTitans,,4100,,Darbots 1,
2844,Valley X Robotics,,,6,,blue 2,,5037,,got robot?,7487,,Super 7,,6081,,i^2r robotics,,20,,red 2,,9746,,PML30-phi,,,6451,,Tarpon Robotics,,6133,,"The ""NUTS!""",,41,,blue 2,,8790,,MoHawk Elites,8609,,"Blue Crew, Too",,6510,,CyberSharks,,55,,red 1,,7477,,Super 7,,,6037,,W.A.G.S.,,3486,,Techno Warriors,70,,red 2,,3085,,Higgs Bots,,,4855,,Batteries In Black,,8471,,The Ducks,,82,,blue 1,,28,,PolyGnomes,6007,,Octopi,,7023,,HexaSonics,,,105,,blue 2,,6433,,Neutrinos,201,,The Robo Broncos,,724,,RedNek Wun,,118,,red 1,,4100,,Darbots 1,,,7655,,The Q is Silqent,,4137,,IslandBots,,142,,blue 1,,6935,,PARADOX,4029,,2 Bits and a Byte,,8338,,Shatterdome,
3085,Higgs Bots,,,7,,blue 2,,3595,,Schrodinger's Hat,7138,,Mech Mayhem,,8609,,"Blue Crew, Too",,,18,,blue 1,,9749,,Smurfs,6433,,Neutrinos,,3486,,Techno Warriors,,40,,red 1,,724,,RedNek Wun,,,8338,,Shatterdome,,9754,,So7en,60,,red 2,,9746,,PML30-phi,,,4029,,2 Bits and a Byte,,6510,,CyberSharks,70,,red 1,,2844,,Valley X Robotics,,,4855,,Batteries In Black,,8471,,The Ducks,,81,,blue 1,,4250,,LIGHTSABERS,9747,,Carousel,,7655,,The Q is Silqent,,,98,,blue 2,,3415,,Lancers,9756,,M&T,,6735,,Team Medusa,,119,,red 1,,6007,,Octopi,,,201,,The Robo Broncos,,8221,,CUBIX^3,,140,,blue 2,,6137,,RoBowties,7477,,Super 7,,5009,,Helios,
3415,Lancers,,12,,red 2,,6451,,Tarpon Robotics,,,724,,RedNek Wun,,7350,,Watts NXT?,,23,,blue 1,,8221,,CUBIX^3,5037,,got robot?,,6137,,RoBowties,,43,,red 1,,6007,,Octopi,,,3805,,Atomic Robotics,,5009,,Helios,64,,red 1,,7172,,Technical Difficulties,,,6081,,i^2r robotics,,9754,,So7en,,80,,blue 2,,8790,,MoHawk Elites,4017,,roboPandas,,8338,,Shatterdome,,,90,,blue 2,,201,,The Robo Broncos,7006,,RoboTitans,,4029,,2 Bits and a Byte,,,98,,blue 1,,3085,,Higgs Bots,9756,,M&T,,6735,,Team Medusa,,,127,,blue 2,,3595,,Schrodinger's Hat,519,,ED Too,,7487,,Super 7,,,139,,blue 1,,6510,,CyberSharks,9048,,Philobots,,9749,,Smurfs,
3486,Techno Warriors,,,1,,blue 2,,6935,,PARADOX,7006,,RoboTitans,,9746,,PML30-phi,,18,,red 2,,6433,,Neutrinos,,,3085,,Higgs Bots,,9749,,Smurfs,35,,red 1,,5466,,Combustible Lemons,,,4250,,LIGHTSABERS,,3595,,Schrodinger's Hat,,55,,blue 2,,6037,,W.A.G.S.,2844,,Valley X Robotics,,7477,,Super 7,,66,,red 2,,6137,,RoBowties,,,7187,,Team Axis,,6299,,ViperBots QuadX,89,,red 1,,5151,,Infinity,,,8338,,Shatterdome,,6510,,CyberSharks,,109,,blue 1,,7350,,Watts NXT?,8609,,"Blue Crew, Too",,9752,,AmazKing,,117,,red 2,,4029,,2 Bits and a Byte,,,5145,,Bronz Bots,,7138,,Mech Mayhem,,135,,blue 2,,5894,,V-CUBE,5096,,Monkey Madness,,4318,,Super 7,
3595,Schrodinger's Hat,,,7,,blue 1,,3085,,Higgs Bots,7138,,Mech Mayhem,,8609,,"Blue Crew, Too",,22,,red 1,,5140,,WACO Aerobotics,,,6081,,i^2r robotics,,4100,,Darbots 1,,35,,blue 2,,4250,,LIGHTSABERS,3486,,Techno Warriors,,5466,,Combustible Lemons,,51,,red 1,,5151,,Infinity,,,9756,,M&T,,724,,RedNek Wun,75,,red 2,,3805,,Atomic Robotics,,,9048,,Philobots,,4318,,Super 7,,88,,blue 1,,4855,,Batteries In Black,5975,,CYBOTS,,5037,,got robot?,,100,,red 2,,6137,,RoBowties,,,28,,PolyGnomes,,4029,,2 Bits and a Byte,,127,,blue 1,,3415,,Lancers,519,,ED Too,,7487,,Super 7,,143,,red 2,,6735,,Team Medusa,,,7655,,The Q is Silqent,,7172,,Technical Difficulties
3805,Atomic Robotics,,,14,,blue 2,,4029,,2 Bits and a Byte,7023,,HexaSonics,,7187,,Team Axis,,31,,red 1,,6510,,CyberSharks,,,9754,,So7en,,6935,,PARADOX,,43,,blue 1,,5009,,Helios,3415,,Lancers,,6007,,Octopi,,,56,,blue 1,,8609,,"Blue Crew, Too",8221,,CUBIX^3,,28,,PolyGnomes,,75,,red 1,,3595,,Schrodinger's Hat,,,9048,,Philobots,,4318,,Super 7,,84,,blue 2,,6735,,Team Medusa,4100,,Darbots 1,,8471,,The Ducks,,99,,red 2,,4137,,IslandBots,,,8338,,Shatterdome,,7006,,RoboTitans,,113,,blue 1,,6133,,"The ""NUTS!""",9749,,Smurfs,,4250,,LIGHTSABERS,,137,,red 2,,8790,,MoHawk Elites,,,519,,ED Too,,6037,,W.A.G.S.
4017,roboPandas,,,8,,blue 2,,5145,,Bronz Bots,6133,,"The ""NUTS!""",,6299,,ViperBots QuadX,,32,,red 1,,6037,,W.A.G.S.,,,7023,,HexaSonics,,8609,,"Blue Crew, Too",,42,,blue 2,,9756,,M&T,7655,,The Q is Silqent,,7487,,Super 7,,,63,,blue 1,,7138,,Mech Mayhem,5096,,Monkey Madness,,5466,,Combustible Lemons,,80,,red 1,,8338,,Shatterdome,,,8790,,MoHawk Elites,,3415,,Lancers,91,,red 1,,7550,,BuffnBlue 7550,,,6137,,RoBowties,,9754,,So7en,,102,,blue 1,,4250,,LIGHTSABERS,6451,,Tarpon Robotics,,4318,,Super 7,,122,,red 1,,7006,,RoboTitans,,,8330,,AZTECH II,,6510,,CyberSharks,138,,red 1,,5151,,Infinity,,,7187,,Team Axis,,5037,,got robot?
4029,2 Bits and a Byte,,,14,,blue 1,,3805,,Atomic Robotics,7023,,HexaSonics,,7187,,Team Axis,,27,,red 1,,4137,,IslandBots,,,8471,,The Ducks,,4250,,LIGHTSABERS,36,,red 2,,6389,,The LazyBotts,,,5037,,got robot?,,6133,,"The ""NUTS!""",,60,,blue 1,,6510,,CyberSharks,9746,,PML30-phi,,3085,,Higgs Bots,,,69,,blue 1,,9749,,Smurfs,7655,,The Q is Silqent,,4082,,RoboSpartans,,90,,red 2,,7006,,RoboTitans,,,201,,The Robo Broncos,,3415,,Lancers,,100,,blue 2,,28,,PolyGnomes,6137,,RoBowties,,3595,,Schrodinger's Hat,,117,,red 1,,3486,,Techno Warriors,,,5145,,Bronz Bots,,7138,,Mech Mayhem,142,,red 1,,8338,,Shatterdome,,,2844,,Valley X Robotics,,6935,,PARADOX
4082,RoboSpartans,,11,,red 1,,5894,,V-CUBE,,,5466,,Combustible Lemons,,4137,,IslandBots,,30,,blue 1,,8327,,Spartans,5145,,Bronz Bots,,9048,,Philobots,,,39,,blue 2,,6081,,i^2r robotics,4318,,Super 7,,6935,,PARADOX,,58,,red 1,,6735,,Team Medusa,,,9752,,AmazKing,,6299,,ViperBots QuadX,69,,red 2,,7655,,The Q is Silqent,,,4029,,2 Bits and a Byte,,9749,,Smurfs,93,,red 1,,724,,RedNek Wun,,,8790,,MoHawk Elites,,6389,,The LazyBotts,,101,,blue 2,,4100,,Darbots 1,6037,,W.A.G.S.,,8330,,AZTECH II,,128,,red 2,,7187,,Team Axis,,,6451,,Tarpon Robotics,,8338,,Shatterdome,,136,,blue 1,,9747,,Carousel,7350,,Watts NXT?,,4530,,Infinite Resistance,
4137,IslandBots,,,11,,blue 2,,5466,,Combustible Lemons,4082,,RoboSpartans,,5894,,V-CUBE,,27,,red 2,,4029,,2 Bits and a Byte,,,8471,,The Ducks,,4250,,LIGHTSABERS,,46,,blue 1,,7187,,Team Axis,8221,,CUBIX^3,,5140,,WACO Aerobotics,,,54,,blue 2,,7550,,BuffnBlue 7550,7350,,Watts NXT?,,5037,,got robot?,,65,,red 2,,8609,,"Blue Crew, Too",,,5975,,CYBOTS,,5151,,Infinity,,87,,blue 1,,6037,,W.A.G.S.,5096,,Monkey Madness,,7487,,Super 7,,99,,red 1,,3805,,Atomic Robotics,,,8338,,Shatterdome,,7006,,RoboTitans,,118,,blue 2,,7655,,The Q is Silqent,2844,,Valley X Robotics,,4100,,Darbots 1,,133,,red 2,,4855,,Batteries In Black,,,9756,,M&T,,9752,,AmazKing
4250,LIGHTSABERS,,2,,red 1,,4100,,Darbots 1,,,9754,,So7en,,519,,ED Too,,27,,blue 2,,8471,,The Ducks,4029,,2 Bits and a Byte,,4137,,IslandBots,,,35,,blue 1,,3595,,Schrodinger's Hat,3486,,Techno Warriors,,5466,,Combustible Lemons,,62,,red 1,,9048,,Philobots,,,5140,,WACO Aerobotics,,4855,,Batteries In Black,71,,red 1,,6389,,The LazyBotts,,,7487,,Super 7,,7023,,HexaSonics,,81,,blue 2,,3085,,Higgs Bots,9747,,Carousel,,7655,,The Q is Silqent,,,102,,blue 2,,4017,,roboPandas,6451,,Tarpon Robotics,,4318,,Super 7,,113,,red 2,,9749,,Smurfs,,,3805,,Atomic Robotics,,6133,,"The ""NUTS!""",129,,red 1,,9746,,PML30-phi,,,5145,,Bronz Bots,,8221,,CUBIX^3
4318,Super 7,,,5,,blue 1,,4530,,Infinite Resistance,8471,,The Ducks,,8221,,CUBIX^3,,,19,,blue 1,,5975,,CYBOTS,9752,,AmazKing,,519,,ED Too,,39,,red 1,,6935,,PARADOX,,,6081,,i^2r robotics,,4082,,RoboSpartans,50,,red 2,,6133,,"The ""NUTS!""",,,8330,,AZTECH II,,7487,,Super 7,,75,,blue 2,,9048,,Philobots,3805,,Atomic Robotics,,3595,,Schrodinger's Hat,,,83,,blue 1,,7172,,Technical Difficulties,8609,,"Blue Crew, Too",,9756,,M&T,,102,,red 2,,6451,,Tarpon Robotics,,,4017,,roboPandas,,4250,,LIGHTSABERS,123,,red 2,,6433,,Neutrinos,,,4855,,Batteries In Black,,7477,,Super 7,135,,red 2,,5096,,Monkey Madness,,,5894,,V-CUBE,,3486,,Techno Warriors
4530,Infinite Resistance,,,5,,blue 2,,4318,,Super 7,8471,,The Ducks,,8221,,CUBIX^3,,21,,red 2,,5096,,Monkey Madness,,,6007,,Octopi,,5151,,Infinity,33,,red 2,,28,,PolyGnomes,,,7477,,Super 7,,4100,,Darbots 1,,49,,blue 2,,5894,,V-CUBE,6389,,The LazyBotts,,6935,,PARADOX,,,77,,blue 2,,8330,,AZTECH II,7138,,Mech Mayhem,,724,,RedNek Wun,,94,,red 2,,5140,,WACO Aerobotics,,,9752,,AmazKing,,6451,,Tarpon Robotics,108,,red 1,,5145,,Bronz Bots,,,7655,,The Q is Silqent,,5466,,Combustible Lemons,,126,,blue 1,,6137,,RoBowties,8790,,MoHawk Elites,,7172,,Technical Difficulties,,136,,red 2,,7350,,Watts NXT?,,,4082,,RoboSpartans,,9747,,Carousel
4855,Batteries In Black,,,4,,blue 1,,6735,,Team Medusa,9749,,Smurfs,,8338,,Shatterdome,,26,,red 1,,5466,,Combustible Lemons,,,5009,,Helios,,7487,,Super 7,45,,red 1,,6451,,Tarpon Robotics,,,8327,,Spartans,,7138,,Mech Mayhem,,62,,blue 2,,5140,,WACO Aerobotics,4250,,LIGHTSABERS,,9048,,Philobots,,,70,,blue 1,,8471,,The Ducks,3085,,Higgs Bots,,2844,,Valley X Robotics,,,88,,blue 2,,3595,,Schrodinger's Hat,5975,,CYBOTS,,5037,,got robot?,,112,,red 1,,6389,,The LazyBotts,,,7172,,Technical Difficulties,,519,,ED Too,,123,,blue 1,,7477,,Super 7,6433,,Neutrinos,,4318,,Super 7,,133,,red 1,,4137,,IslandBots,,,9756,,M&T,,9752,,AmazKing
5009,Helios,,,15,,blue 2,,8330,,AZTECH II,9747,,Carousel,,9756,,M&T,,,26,,blue 1,,7487,,Super 7,4855,,Batteries In Black,,5466,,Combustible Lemons,,,43,,blue 2,,3805,,Atomic Robotics,3415,,Lancers,,6007,,Octopi,,,53,,blue 2,,8338,,Shatterdome,8327,,Spartans,,5975,,CYBOTS,,78,,red 2,,9754,,So7en,,,5096,,Monkey Madness,,5037,,got robot?,96,,red 1,,5894,,V-CUBE,,,9746,,PML30-phi,,6299,,ViperBots QuadX,104,,red 2,,8221,,CUBIX^3,,,6081,,i^2r robotics,,7138,,Mech Mayhem,,124,,blue 2,,5151,,Infinity,7350,,Watts NXT?,,7023,,HexaSonics,,140,,red 2,,7477,,Super 7,,,6137,,RoBowties,,3085,,Higgs Bots
5037,got robot?,,,6,,blue 1,,2844,,Valley X Robotics,7487,,Super 7,,6081,,i^2r robotics,,23,,red 1,,6137,,RoBowties,,,3415,,Lancers,,8221,,CUBIX^3,,36,,blue 1,,6133,,"The ""NUTS!""",6389,,The LazyBotts,,4029,,2 Bits and a Byte,,54,,red 2,,7350,,Watts NXT?,,,7550,,BuffnBlue 7550,,4137,,IslandBots,,78,,blue 2,,5096,,Monkey Madness,9754,,So7en,,5009,,Helios,,88,,red 2,,5975,,CYBOTS,,,3595,,Schrodinger's Hat,,4855,,Batteries In Black,,110,,blue 2,,6007,,Octopi,7477,,Super 7,,6510,,CyberSharks,,121,,red 2,,8471,,The Ducks,,,9752,,AmazKing,,5466,,Combustible Lemons,,138,,blue 2,,7187,,Team Axis,4017,,roboPandas,,5151,,Infinity,
5096,Monkey Madness,,,10,,blue 1,,9752,,AmazKing,6433,,Neutrinos,,6510,,CyberSharks,,21,,red 1,,4530,,Infinite Resistance,,,6007,,Octopi,,5151,,Infinity,,48,,blue 2,,8471,,The Ducks,7172,,Technical Difficulties,,7023,,HexaSonics,,63,,red 1,,5466,,Combustible Lemons,,,4017,,roboPandas,,7138,,Mech Mayhem,,78,,blue 1,,5037,,got robot?,9754,,So7en,,5009,,Helios,,87,,red 1,,7487,,Super 7,,,4137,,IslandBots,,6037,,W.A.G.S.,,103,,blue 2,,8327,,Spartans,6133,,"The ""NUTS!""",,7187,,Team Axis,,114,,red 1,,6081,,i^2r robotics,,,724,,RedNek Wun,,9048,,Philobots,135,,red 1,,4318,,Super 7,,,5894,,V-CUBE,,3486,,Techno Warriors
5140,WACO Aerobotics,,,13,,blue 1,,7655,,The Q is Silqent,6007,,Octopi,,6137,,RoBowties,,22,,red 2,,3595,,Schrodinger's Hat,,,6081,,i^2r robotics,,4100,,Darbots 1,46,,red 2,,8221,,CUBIX^3,,,4137,,IslandBots,,7187,,Team Axis,,62,,blue 1,,4855,,Batteries In Black,4250,,LIGHTSABERS,,9048,,Philobots,,,79,,blue 2,,5145,,Bronz Bots,6510,,CyberSharks,,6037,,W.A.G.S.,,94,,red 1,,4530,,Infinite Resistance,,,9752,,AmazKing,,6451,,Tarpon Robotics,,107,,blue 2,,7023,,HexaSonics,7550,,BuffnBlue 7550,,9746,,PML30-phi,,116,,red 2,,9756,,M&T,,,5975,,CYBOTS,,6299,,ViperBots QuadX,130,,red 2,,5466,,Combustible Lemons,,,6133,,"The ""NUTS!""",,201,,The Robo Broncos
5145,Bronz Bots,,,8,,blue 1,,4017,,roboPandas,6133,,"The ""NUTS!""",,6299,,ViperBots QuadX,,30,,red 1,,9048,,Philobots,,,4082,,RoboSpartans,,8327,,Spartans,,47,,blue 1,,9749,,Smurfs,201,,The Robo Broncos,,9752,,AmazKing,,59,,red 1,,8790,,MoHawk Elites,,,6451,,Tarpon Robotics,,7023,,HexaSonics,,79,,blue 1,,5140,,WACO Aerobotics,6510,,CyberSharks,,6037,,W.A.G.S.,,92,,red 2,,6081,,i^2r robotics,,,7187,,Team Axis,,7350,,Watts NXT?,108,,red 2,,4530,,Infinite Resistance,,,7655,,The Q is Silqent,,5466,,Combustible Lemons,,117,,blue 1,,7138,,Mech Mayhem,4029,,2 Bits and a Byte,,3486,,Techno Warriors,,,129,,blue 1,,8221,,CUBIX^3,4250,,LIGHTSABERS,,9746,,PML30-phi,
5151,Infinity,,,3,,blue 2,,6389,,The LazyBotts,28,,PolyGnomes,,8327,,Spartans,,,21,,blue 2,,6007,,Octopi,5096,,Monkey Madness,,4530,,Infinite Resistance,,37,,red 2,,7550,,BuffnBlue 7550,,,6433,,Neutrinos,,5894,,V-CUBE,51,,red 2,,3595,,Schrodinger's Hat,,,9756,,M&T,,724,,RedNek Wun,,65,,blue 2,,5975,,CYBOTS,8609,,"Blue Crew, Too",,4137,,IslandBots,,89,,red 2,,3486,,Techno Warriors,,,8338,,Shatterdome,,6510,,CyberSharks,,106,,blue 2,,6935,,PARADOX,6299,,ViperBots QuadX,,9048,,Philobots,,,124,,blue 1,,5009,,Helios,7350,,Watts NXT?,,7023,,HexaSonics,,138,,red 2,,4017,,roboPandas,,,7187,,Team Axis,,5037,,got robot?
5466,Combustible Lemons,,,11,,blue 1,,4137,,IslandBots,4082,,RoboSpartans,,5894,,V-CUBE,,26,,red 2,,4855,,Batteries In Black,,,5009,,Helios,,7487,,Super 7,35,,red 2,,3486,,Techno Warriors,,,4250,,LIGHTSABERS,,3595,,Schrodinger's Hat,63,,red 2,,5096,,Monkey Madness,,,4017,,roboPandas,,7138,,Mech Mayhem,,74,,blue 1,,9746,,PML30-phi,7172,,Technical Difficulties,,28,,PolyGnomes,,,86,,blue 2,,8327,,Spartans,8330,,AZTECH II,,9749,,Smurfs,,,108,,blue 2,,7655,,The Q is Silqent,4530,,Infinite Resistance,,5145,,Bronz Bots,,,121,,blue 2,,9752,,AmazKing,8471,,The Ducks,,5037,,got robot?,,130,,red 1,,5140,,WACO Aerobotics,,,6133,,"The ""NUTS!""",,201,,The Robo Broncos
5894,V-CUBE,,11,,red 2,,4082,,RoboSpartans,,,5466,,Combustible Lemons,,4137,,IslandBots,25,,red 2,,7477,,Super 7,,,201,,The Robo Broncos,,8330,,AZTECH II,,37,,blue 2,,6433,,Neutrinos,7550,,BuffnBlue 7550,,5151,,Infinity,,,49,,blue 1,,4530,,Infinite Resistance,6389,,The LazyBotts,,6935,,PARADOX,,67,,red 1,,9752,,AmazKing,,,9747,,Carousel,,6133,,"The ""NUTS!""",96,,red 2,,5009,,Helios,,,9746,,PML30-phi,,6299,,ViperBots QuadX,,111,,blue 1,,8471,,The Ducks,9754,,So7en,,8790,,MoHawk Elites,,,125,,blue 1,,28,,PolyGnomes,6037,,W.A.G.S.,,6735,,Team Medusa,,,135,,blue 1,,3486,,Techno Warriors,5096,,Monkey Madness,,4318,,Super 7,
5975,CYBOTS,,9,,red 2,,8790,,MoHawk Elites,,,7550,,BuffnBlue 7550,,7477,,Super 7,,19,,blue 2,,4318,,Super 7,9752,,AmazKing,,519,,ED Too,,38,,red 2,,8330,,AZTECH II,,,9048,,Philobots,,7350,,Watts NXT?,53,,red 2,,8327,,Spartans,,,8338,,Shatterdome,,5009,,Helios,,65,,blue 1,,5151,,Infinity,8609,,"Blue Crew, Too",,4137,,IslandBots,,88,,red 1,,5037,,got robot?,,,3595,,Schrodinger's Hat,,4855,,Batteries In Black,,97,,blue 2,,7487,,Super 7,9749,,Smurfs,,9747,,Carousel,,,116,,blue 1,,6299,,ViperBots QuadX,9756,,M&T,,5140,,WACO Aerobotics,,,134,,blue 1,,7138,,Mech Mayhem,9754,,So7en,,7023,,HexaSonics,
6007,Octopi,,13,,red 1,,6137,,RoBowties,,,5140,,WACO Aerobotics,,7655,,The Q is Silqent,,21,,blue 1,,5151,,Infinity,5096,,Monkey Madness,,4530,,Infinite Resistance,,43,,red 2,,3415,,Lancers,,,3805,,Atomic Robotics,,5009,,Helios,57,,red 2,,7187,,Team Axis,,,7006,,RoboTitans,,9749,,Smurfs,,68,,blue 1,,6451,,Tarpon Robotics,7550,,BuffnBlue 7550,,4100,,Darbots 1,,82,,red 1,,7023,,HexaSonics,,,2844,,Valley X Robotics,,28,,PolyGnomes,,110,,blue 1,,5037,,got robot?,7477,,Super 7,,6510,,CyberSharks,,119,,red 2,,3085,,Higgs Bots,,,201,,The Robo Broncos,,8221,,CUBIX^3,,132,,blue 2,,8327,,Spartans,8471,,The Ducks,,6299,,ViperBots QuadX,
6037,W.A.G.S.,,,16,,blue 1,,7172,,Technical Difficulties,201,,The Robo Broncos,,9048,,Philobots,,32,,red 2,,4017,,roboPandas,,,7023,,HexaSonics,,8609,,"Blue Crew, Too",,44,,blue 2,,7006,,RoboTitans,6299,,ViperBots QuadX,,9747,,Carousel,,,55,,blue 1,,3486,,Techno Warriors,2844,,Valley X Robotics,,7477,,Super 7,,79,,red 2,,6510,,CyberSharks,,,5145,,Bronz Bots,,5140,,WACO Aerobotics,,87,,blue 2,,4137,,IslandBots,5096,,Monkey Madness,,7487,,Super 7,,101,,red 1,,8330,,AZTECH II,,,4100,,Darbots 1,,4082,,RoboSpartans,125,,red 1,,6735,,Team Medusa,,,5894,,V-CUBE,,28,,PolyGnomes,,137,,blue 2,,519,,ED Too,8790,,MoHawk Elites,,3805,,Atomic Robotics,
6081,i^2r robotics,,6,,red 2,,7487,,Super 7,,,5037,,got robot?,,2844,,Valley X Robotics,,22,,blue 1,,4100,,Darbots 1,3595,,Schrodinger's Hat,,5140,,WACO Aerobotics,,,39,,blue 1,,4082,,RoboSpartans,4318,,Super 7,,6935,,PARADOX,,,64,,blue 1,,9754,,So7en,3415,,Lancers,,7172,,Technical Difficulties,,76,,red 2,,519,,ED Too,,,7477,,Super 7,,7006,,RoboTitans,92,,red 1,,5145,,Bronz Bots,,,7187,,Team Axis,,7350,,Watts NXT?,,104,,blue 1,,7138,,Mech Mayhem,8221,,CUBIX^3,,5009,,Helios,,114,,red 2,,5096,,Monkey Madness,,,724,,RedNek Wun,,9048,,Philobots,131,,red 1,,8330,,AZTECH II,,,7550,,BuffnBlue 7550,,6389,,The LazyBotts
6133,"The ""NUTS!""",,8,,red 1,,6299,,ViperBots QuadX,,,5145,,Bronz Bots,,4017,,roboPandas,,20,,blue 2,,6451,,Tarpon Robotics,9746,,PML30-phi,,2844,,Valley X Robotics,,,36,,blue 2,,5037,,got robot?,6389,,The LazyBotts,,4029,,2 Bits and a Byte,,50,,red 1,,4318,,Super 7,,,8330,,AZTECH II,,7487,,Super 7,,67,,blue 2,,9747,,Carousel,5894,,V-CUBE,,9752,,AmazKing,,95,,red 1,,7477,,Super 7,,,6935,,PARADOX,,8221,,CUBIX^3,103,,red 1,,7187,,Team Axis,,,8327,,Spartans,,5096,,Monkey Madness,,113,,blue 2,,3805,,Atomic Robotics,9749,,Smurfs,,4250,,LIGHTSABERS,,,130,,blue 1,,201,,The Robo Broncos,5466,,Combustible Lemons,,5140,,WACO Aerobotics,
6137,RoBowties,,13,,red 2,,6007,,Octopi,,,5140,,WACO Aerobotics,,7655,,The Q is Silqent,23,,red 2,,5037,,got robot?,,,3415,,Lancers,,8221,,CUBIX^3,,34,,blue 1,,6735,,Team Medusa,519,,ED Too,,9746,,PML30-phi,,52,,red 2,,6433,,Neutrinos,,,9747,,Carousel,,4100,,Darbots 1,66,,red 1,,3486,,Techno Warriors,,,7187,,Team Axis,,6299,,ViperBots QuadX,,91,,blue 1,,9754,,So7en,4017,,roboPandas,,7550,,BuffnBlue 7550,,100,,red 1,,3595,,Schrodinger's Hat,,,28,,PolyGnomes,,4029,,2 Bits and a Byte,,126,,blue 2,,4530,,Infinite Resistance,8790,,MoHawk Elites,,7172,,Technical Difficulties,,,140,,blue 1,,3085,,Higgs Bots,7477,,Super 7,,5009,,Helios,
6299,ViperBots QuadX,,8,,red 2,,6133,,"The ""NUTS!""",,,5145,,Bronz Bots,,4017,,roboPandas,,28,,blue 1,,6389,,The LazyBotts,7350,,Watts NXT?,,7655,,The Q is Silqent,,44,,red 1,,9747,,Carousel,,,7006,,RoboTitans,,6037,,W.A.G.S.,,58,,blue 2,,9752,,AmazKing,4082,,RoboSpartans,,6735,,Team Medusa,,,66,,blue 2,,7187,,Team Axis,6137,,RoBowties,,3486,,Techno Warriors,,,96,,blue 2,,9746,,PML30-phi,5009,,Helios,,5894,,V-CUBE,,106,,red 1,,9048,,Philobots,,,6935,,PARADOX,,5151,,Infinity,,116,,blue 2,,5975,,CYBOTS,9756,,M&T,,5140,,WACO Aerobotics,,132,,red 2,,8471,,The Ducks,,,8327,,Spartans,,6007,,Octopi
6389,The LazyBotts,,,3,,blue 1,,5151,,Infinity,28,,PolyGnomes,,8327,,Spartans,,,28,,blue 2,,6299,,ViperBots QuadX,7350,,Watts NXT?,,7655,,The Q is Silqent,,36,,red 1,,4029,,2 Bits and a Byte,,,5037,,got robot?,,6133,,"The ""NUTS!""",49,,red 1,,6935,,PARADOX,,,5894,,V-CUBE,,4530,,Infinite Resistance,71,,red 2,,4250,,LIGHTSABERS,,,7487,,Super 7,,7023,,HexaSonics,,93,,blue 2,,8790,,MoHawk Elites,4082,,RoboSpartans,,724,,RedNek Wun,,112,,red 2,,4855,,Batteries In Black,,,7172,,Technical Difficulties,,519,,ED Too,,120,,blue 1,,9746,,PML30-phi,8609,,"Blue Crew, Too",,9754,,So7en,,,131,,blue 2,,7550,,BuffnBlue 7550,6081,,i^2r robotics,,8330,,AZTECH II,
6433,Neutrinos,,10,,red 1,,6510,,CyberSharks,,,5096,,Monkey Madness,,9752,,AmazKing,18,,red 1,,3486,,Techno Warriors,,,3085,,Higgs Bots,,9749,,Smurfs,,37,,blue 1,,5894,,V-CUBE,7550,,BuffnBlue 7550,,5151,,Infinity,,52,,red 1,,6137,,RoBowties,,,9747,,Carousel,,4100,,Darbots 1,,73,,blue 1,,9756,,M&T,8327,,Spartans,,8221,,CUBIX^3,,,85,,blue 2,,9048,,Philobots,7138,,Mech Mayhem,,519,,ED Too,,,105,,blue 1,,2844,,Valley X Robotics,201,,The Robo Broncos,,724,,RedNek Wun,,123,,red 1,,4318,,Super 7,,,4855,,Batteries In Black,,7477,,Super 7,144,,red 1,,6451,,Tarpon Robotics,,,28,,PolyGnomes,,7487,,Super 7
6451,Tarpon Robotics,,12,,red 1,,3415,,Lancers,,,724,,RedNek Wun,,7350,,Watts NXT?,,20,,blue 1,,6133,,"The ""NUTS!""",9746,,PML30-phi,,2844,,Valley X Robotics,,45,,red 2,,4855,,Batteries In Black,,,8327,,Spartans,,7138,,Mech Mayhem,,59,,blue 1,,7023,,HexaSonics,5145,,Bronz Bots,,8790,,MoHawk Elites,,,68,,blue 2,,6007,,Octopi,7550,,BuffnBlue 7550,,4100,,Darbots 1,,,94,,blue 2,,9752,,AmazKing,5140,,WACO Aerobotics,,4530,,Infinite Resistance,,102,,red 1,,4318,,Super 7,,,4017,,roboPandas,,4250,,LIGHTSABERS,,128,,blue 1,,8338,,Shatterdome,7187,,Team Axis,,4082,,RoboSpartans,,144,,red 2,,6433,,Neutrinos,,,28,,PolyGnomes,,7487,,Super 7
6510,CyberSharks,,10,,red 2,,6433,,Neutrinos,,,5096,,Monkey Madness,,9752,,AmazKing,31,,red 2,,3805,,Atomic Robotics,,,9754,,So7en,,6935,,PARADOX,41,,red 2,,8609,,"Blue Crew, Too",,,8790,,MoHawk Elites,,2844,,Valley X Robotics,,60,,blue 2,,4029,,2 Bits and a Byte,9746,,PML30-phi,,3085,,Higgs Bots,,79,,red 1,,6037,,W.A.G.S.,,,5145,,Bronz Bots,,5140,,WACO Aerobotics,,89,,blue 2,,8338,,Shatterdome,3486,,Techno Warriors,,5151,,Infinity,,110,,red 2,,7477,,Super 7,,,6007,,Octopi,,5037,,got robot?,,122,,blue 2,,8330,,AZTECH II,4017,,roboPandas,,7006,,RoboTitans,,,139,,blue 2,,3415,,Lancers,9048,,Philobots,,9749,,Smurfs,
6735,Team Medusa,,,4,,blue 2,,4855,,Batteries In Black,9749,,Smurfs,,8338,,Shatterdome,,,17,,blue 2,,7006,,RoboTitans,7138,,Mech Mayhem,,8790,,MoHawk Elites,,,34,,blue 2,,6137,,RoBowties,519,,ED Too,,9746,,PML30-phi,,58,,red 2,,4082,,RoboSpartans,,,9752,,AmazKing,,6299,,ViperBots QuadX,,72,,blue 1,,201,,The Robo Broncos,6935,,PARADOX,,7350,,Watts NXT?,,,84,,blue 1,,3805,,Atomic Robotics,4100,,Darbots 1,,8471,,The Ducks,,98,,red 2,,9756,,M&T,,,3415,,Lancers,,3085,,Higgs Bots,125,,red 2,,6037,,W.A.G.S.,,,5894,,V-CUBE,,28,,PolyGnomes,143,,red 1,,3595,,Schrodinger's Hat,,,7655,,The Q is Silqent,,7172,,Technical Difficulties
6935,PARADOX,,,1,,blue 1,,3486,,Techno Warriors,7006,,RoboTitans,,9746,,PML30-phi,,,31,,blue 2,,9754,,So7en,3805,,Atomic Robotics,,6510,,CyberSharks,,39,,red 2,,4318,,Super 7,,,6081,,i^2r robotics,,4082,,RoboSpartans,49,,red 2,,6389,,The LazyBotts,,,5894,,V-CUBE,,4530,,Infinite Resistance,72,,red 1,,7350,,Watts NXT?,,,6735,,Team Medusa,,201,,The Robo Broncos,,95,,blue 1,,8221,,CUBIX^3,6133,,"The ""NUTS!""",,7477,,Super 7,,,106,,blue 1,,5151,,Infinity,6299,,ViperBots QuadX,,9048,,Philobots,,,115,,blue 2,,7550,,BuffnBlue 7550,8327,,Spartans,,9747,,Carousel,,,142,,blue 2,,2844,,Valley X Robotics,4029,,2 Bits and a Byte,,8338,,Shatterdome,
7006,RoboTitans,,1,,red 1,,9746,,PML30-phi,,,6935,,PARADOX,,3486,,Techno Warriors,,17,,blue 1,,6735,,Team Medusa,7138,,Mech Mayhem,,8790,,MoHawk Elites,,,44,,blue 1,,6037,,W.A.G.S.,6299,,ViperBots QuadX,,9747,,Carousel,,,57,,blue 1,,9749,,Smurfs,7187,,Team Axis,,6007,,Octopi,,,76,,blue 2,,7477,,Super 7,519,,ED Too,,6081,,i^2r robotics,,90,,red 1,,4029,,2 Bits and a Byte,,,201,,The Robo Broncos,,3415,,Lancers,,99,,blue 2,,8338,,Shatterdome,4137,,IslandBots,,3805,,Atomic Robotics,,122,,red 2,,4017,,roboPandas,,,8330,,AZTECH II,,6510,,CyberSharks,141,,red 1,,4100,,Darbots 1,,,8609,,"Blue Crew, Too",,724,,RedNek Wun
7023,HexaSonics,,14,,red 1,,7187,,Team Axis,,,4029,,2 Bits and a Byte,,3805,,Atomic Robotics,,32,,blue 1,,8609,,"Blue Crew, Too",4017,,roboPandas,,6037,,W.A.G.S.,,48,,red 2,,7172,,Technical Difficulties,,,8471,,The Ducks,,5096,,Monkey Madness,,59,,blue 2,,6451,,Tarpon Robotics,5145,,Bronz Bots,,8790,,MoHawk Elites,,,71,,blue 2,,7487,,Super 7,4250,,LIGHTSABERS,,6389,,The LazyBotts,,82,,red 2,,6007,,Octopi,,,2844,,Valley X Robotics,,28,,PolyGnomes,,107,,blue 1,,5140,,WACO Aerobotics,7550,,BuffnBlue 7550,,9746,,PML30-phi,,124,,red 2,,7350,,Watts NXT?,,,5151,,Infinity,,5009,,Helios,134,,red 2,,9754,,So7en,,,5975,,CYBOTS,,7138,,Mech Mayhem
7138,Mech Mayhem,,7,,red 1,,8609,,"Blue Crew, Too",,,3595,,Schrodinger's Hat,,3085,,Higgs Bots,17,,red 1,,8790,,MoHawk Elites,,,7006,,RoboTitans,,6735,,Team Medusa,,45,,blue 2,,8327,,Spartans,4855,,Batteries In Black,,6451,,Tarpon Robotics,,,63,,blue 2,,4017,,roboPandas,5096,,Monkey Madness,,5466,,Combustible Lemons,,77,,red 1,,724,,RedNek Wun,,,8330,,AZTECH II,,4530,,Infinite Resistance,85,,red 1,,519,,ED Too,,,9048,,Philobots,,6433,,Neutrinos,,104,,blue 2,,6081,,i^2r robotics,8221,,CUBIX^3,,5009,,Helios,,,117,,blue 2,,5145,,Bronz Bots,4029,,2 Bits and a Byte,,3486,,Techno Warriors,,,134,,blue 2,,5975,,CYBOTS,9754,,So7en,,7023,,HexaSonics,
7172,Technical Difficulties,,,16,,blue 2,,6037,,W.A.G.S.,201,,The Robo Broncos,,9048,,Philobots,,29,,red 2,,724,,RedNek Wun,,,9747,,Carousel,,7187,,Team Axis,48,,red 1,,7023,,HexaSonics,,,8471,,The Ducks,,5096,,Monkey Madness,64,,red 2,,3415,,Lancers,,,6081,,i^2r robotics,,9754,,So7en,74,,red 1,,28,,PolyGnomes,,,5466,,Combustible Lemons,,9746,,PML30-phi,,83,,blue 2,,4318,,Super 7,8609,,"Blue Crew, Too",,9756,,M&T,,,112,,blue 1,,519,,ED Too,4855,,Batteries In Black,,6389,,The LazyBotts,,126,,red 2,,8790,,MoHawk Elites,,,4530,,Infinite Resistance,,6137,,RoBowties,,143,,blue 2,,7655,,The Q is Silqent,6735,,Team Medusa,,3595,,Schrodinger's Hat,
7187,Team Axis,,14,,red 2,,7023,,HexaSonics,,,4029,,2 Bits and a Byte,,3805,,Atomic Robotics,,29,,blue 2,,9747,,Carousel,724,,RedNek Wun,,7172,,Technical Difficulties,,,46,,blue 2,,4137,,IslandBots,8221,,CUBIX^3,,5140,,WACO Aerobotics,,57,,red 1,,6007,,Octopi,,,7006,,RoboTitans,,9749,,Smurfs,,66,,blue 1,,6299,,ViperBots QuadX,6137,,RoBowties,,3486,,Techno Warriors,,,92,,blue 1,,7350,,Watts NXT?,6081,,i^2r robotics,,5145,,Bronz Bots,,103,,red 2,,6133,,"The ""NUTS!""",,,8327,,Spartans,,5096,,Monkey Madness,128,,red 1,,4082,,RoboSpartans,,,6451,,Tarpon Robotics,,8338,,Shatterdome,,138,,blue 1,,5037,,got robot?,4017,,roboPandas,,5151,,Infinity,
7350,Watts NXT?,,,12,,blue 2,,724,,RedNek Wun,6451,,Tarpon Robotics,,3415,,Lancers,,28,,red 1,,7655,,The Q is Silqent,,,6299,,ViperBots QuadX,,6389,,The LazyBotts,,38,,blue 2,,9048,,Philobots,8330,,AZTECH II,,5975,,CYBOTS,,54,,red 1,,5037,,got robot?,,,7550,,BuffnBlue 7550,,4137,,IslandBots,72,,red 2,,6935,,PARADOX,,,6735,,Team Medusa,,201,,The Robo Broncos,,92,,blue 2,,7187,,Team Axis,6081,,i^2r robotics,,5145,,Bronz Bots,,,109,,blue 2,,3486,,Techno Warriors,8609,,"Blue Crew, Too",,9752,,AmazKing,,124,,red 1,,7023,,HexaSonics,,,5151,,Infinity,,5009,,Helios,136,,red 1,,4530,,Infinite Resistance,,,4082,,RoboSpartans,,9747,,Carousel
7477,Super 7,,,9,,blue 2,,7550,,BuffnBlue 7550,8790,,MoHawk Elites,,5975,,CYBOTS,,25,,red 1,,5894,,V-CUBE,,,201,,The Robo Broncos,,8330,,AZTECH II,,33,,blue 1,,4100,,Darbots 1,28,,PolyGnomes,,4530,,Infinite Resistance,,55,,red 2,,2844,,Valley X Robotics,,,6037,,W.A.G.S.,,3486,,Techno Warriors,,76,,blue 1,,7006,,RoboTitans,519,,ED Too,,6081,,i^2r robotics,,95,,red 2,,6133,,"The ""NUTS!""",,,6935,,PARADOX,,8221,,CUBIX^3,110,,red 1,,6510,,CyberSharks,,,6007,,Octopi,,5037,,got robot?,,123,,blue 2,,4855,,Batteries In Black,6433,,Neutrinos,,4318,,Super 7,,140,,red 1,,5009,,Helios,,,6137,,RoBowties,,3085,,Higgs Bots
7487,Super 7,,6,,red 1,,6081,,i^2r robotics,,,5037,,got robot?,,2844,,Valley X Robotics,,26,,blue 2,,5009,,Helios,4855,,Batteries In Black,,5466,,Combustible Lemons,,42,,red 2,,7655,,The Q is Silqent,,,9756,,M&T,,4017,,roboPandas,,50,,blue 2,,8330,,AZTECH II,6133,,"The ""NUTS!""",,4318,,Super 7,,,71,,blue 1,,7023,,HexaSonics,4250,,LIGHTSABERS,,6389,,The LazyBotts,,87,,red 2,,5096,,Monkey Madness,,,4137,,IslandBots,,6037,,W.A.G.S.,,97,,blue 1,,5975,,CYBOTS,9749,,Smurfs,,9747,,Carousel,,127,,red 2,,519,,ED Too,,,3595,,Schrodinger's Hat,,3415,,Lancers,,144,,blue 2,,28,,PolyGnomes,6433,,Neutrinos,,6451,,Tarpon Robotics,
7550,BuffnBlue 7550,,,9,,blue 1,,7477,,Super 7,8790,,MoHawk Elites,,5975,,CYBOTS,,,24,,blue 1,,28,,PolyGnomes,8338,,Shatterdome,,9756,,M&T,,37,,red 1,,5151,,Infinity,,,6433,,Neutrinos,,5894,,V-CUBE,,54,,blue 1,,4137,,IslandBots,7350,,Watts NXT?,,5037,,got robot?,,68,,red 1,,4100,,Darbots 1,,,6007,,Octopi,,6451,,Tarpon Robotics,91,,red 2,,4017,,roboPandas,,,6137,,RoBowties,,9754,,So7en,107,,red 1,,9746,,PML30-phi,,,7023,,HexaSonics,,5140,,WACO Aerobotics,,115,,blue 1,,6935,,PARADOX,8327,,Spartans,,9747,,Carousel,,,131,,blue 1,,6389,,The LazyBotts,6081,,i^2r robotics,,8330,,AZTECH II,
7655,The Q is Silqent,,,13,,blue 2,,5140,,WACO Aerobotics,6007,,Octopi,,6137,,RoBowties,,28,,red 2,,7350,,Watts NXT?,,,6299,,ViperBots QuadX,,6389,,The LazyBotts,42,,red 1,,7487,,Super 7,,,9756,,M&T,,4017,,roboPandas,,61,,blue 1,,519,,ED Too,201,,The Robo Broncos,,8471,,The Ducks,,69,,red 1,,4082,,RoboSpartans,,,4029,,2 Bits and a Byte,,9749,,Smurfs,81,,red 2,,9747,,Carousel,,,3085,,Higgs Bots,,4250,,LIGHTSABERS,,108,,blue 1,,5466,,Combustible Lemons,4530,,Infinite Resistance,,5145,,Bronz Bots,,,118,,blue 1,,4137,,IslandBots,2844,,Valley X Robotics,,4100,,Darbots 1,,,143,,blue 1,,7172,,Technical Difficulties,6735,,Team Medusa,,3595,,Schrodinger's Hat,
8221,CUBIX^3,,5,,red 2,,8471,,The Ducks,,,4318,,Super 7,,4530,,Infinite Resistance,,23,,blue 2,,3415,,Lancers,5037,,got robot?,,6137,,RoBowties,,46,,red 1,,5140,,WACO Aerobotics,,,4137,,IslandBots,,7187,,Team Axis,56,,red 1,,28,,PolyGnomes,,,3805,,Atomic Robotics,,8609,,"Blue Crew, Too",73,,red 2,,8327,,Spartans,,,6433,,Neutrinos,,9756,,M&T,,95,,blue 2,,6935,,PARADOX,6133,,"The ""NUTS!""",,7477,,Super 7,,104,,red 1,,5009,,Helios,,,6081,,i^2r robotics,,7138,,Mech Mayhem,,119,,blue 2,,201,,The Robo Broncos,3085,,Higgs Bots,,6007,,Octopi,,,129,,blue 2,,5145,,Bronz Bots,4250,,LIGHTSABERS,,9746,,PML30-phi,
8327,Spartans,,3,,red 2,,28,,PolyGnomes,,,6389,,The LazyBotts,,5151,,Infinity,,30,,blue 2,,4082,,RoboSpartans,5145,,Bronz Bots,,9048,,Philobots,,,45,,blue 1,,7138,,Mech Mayhem,4855,,Batteries In Black,,6451,,Tarpon Robotics,,53,,red 1,,5975,,CYBOTS,,,8338,,Shatterdome,,5009,,Helios,73,,red 1,,8221,,CUBIX^3,,,6433,,Neutrinos,,9756,,M&T,,86,,blue 1,,5466,,Combustible Lemons,8330,,AZTECH II,,9749,,Smurfs,,,103,,blue 1,,5096,,Monkey Madness,6133,,"The ""NUTS!""",,7187,,Team Axis,,115,,red 1,,9747,,Carousel,,,7550,,BuffnBlue 7550,,6935,,PARADOX,,132,,blue 1,,6007,,Octopi,8471,,The Ducks,,6299,,ViperBots QuadX,
8330,AZTECH II,,,15,,blue 1,,5009,,Helios,9747,,Carousel,,9756,,M&T,,,25,,blue 2,,201,,The Robo Broncos,7477,,Super 7,,5894,,V-CUBE,,38,,red 1,,5975,,CYBOTS,,,9048,,Philobots,,7350,,Watts NXT?,,50,,blue 1,,7487,,Super 7,6133,,"The ""NUTS!""",,4318,,Super 7,,,77,,blue 1,,4530,,Infinite Resistance,7138,,Mech Mayhem,,724,,RedNek Wun,,86,,red 1,,9749,,Smurfs,,,8327,,Spartans,,5466,,Combustible Lemons,101,,red 2,,6037,,W.A.G.S.,,,4100,,Darbots 1,,4082,,RoboSpartans,,122,,blue 1,,6510,,CyberSharks,4017,,roboPandas,,7006,,RoboTitans,,131,,red 2,,6081,,i^2r robotics,,,7550,,BuffnBlue 7550,,6389,,The LazyBotts
8338,Shatterdome,,4,,red 2,,9749,,Smurfs,,,4855,,Batteries In Black,,6735,,Team Medusa,24,,red 1,,9756,,M&T,,,7550,,BuffnBlue 7550,,28,,PolyGnomes,,40,,blue 1,,9754,,So7en,3085,,Higgs Bots,,724,,RedNek Wun,,,53,,blue 1,,5009,,Helios,8327,,Spartans,,5975,,CYBOTS,,80,,red 2,,4017,,roboPandas,,,8790,,MoHawk Elites,,3415,,Lancers,,89,,blue 1,,6510,,CyberSharks,3486,,Techno Warriors,,5151,,Infinity,,,99,,blue 1,,7006,,RoboTitans,4137,,IslandBots,,3805,,Atomic Robotics,,,128,,blue 2,,6451,,Tarpon Robotics,7187,,Team Axis,,4082,,RoboSpartans,,142,,red 2,,4029,,2 Bits and a Byte,,,2844,,Valley X Robotics,,6935,,PARADOX
8471,The Ducks,,5,,red 1,,8221,,CUBIX^3,,,4318,,Super 7,,4530,,Infinite Resistance,,27,,blue 1,,4250,,LIGHTSABERS,4029,,2 Bits and a Byte,,4137,,IslandBots,,,48,,blue 1,,5096,,Monkey Madness,7172,,Technical Difficulties,,7023,,HexaSonics,,61,,red 2,,201,,The Robo Broncos,,,7655,,The Q is Silqent,,519,,ED Too,,70,,blue 2,,4855,,Batteries In Black,3085,,Higgs Bots,,2844,,Valley X Robotics,,84,,red 2,,4100,,Darbots 1,,,6735,,Team Medusa,,3805,,Atomic Robotics,,111,,blue 2,,5894,,V-CUBE,9754,,So7en,,8790,,MoHawk Elites,,121,,red 1,,5037,,got robot?,,,9752,,AmazKing,,5466,,Combustible Lemons,132,,red 1,,6299,,ViperBots QuadX,,,8327,,Spartans,,6007,,Octopi
8609,"Blue Crew, Too",,7,,red 2,,7138,,Mech Mayhem,,,3595,,Schrodinger's Hat,,3085,,Higgs Bots,,32,,blue 2,,7023,,HexaSonics,4017,,roboPandas,,6037,,W.A.G.S.,,41,,red 1,,6510,,CyberSharks,,,8790,,MoHawk Elites,,2844,,Valley X Robotics,,56,,blue 2,,3805,,Atomic Robotics,8221,,CUBIX^3,,28,,PolyGnomes,,65,,red 1,,4137,,IslandBots,,,5975,,CYBOTS,,5151,,Infinity,83,,red 1,,9756,,M&T,,,4318,,Super 7,,7172,,Technical Difficulties,109,,red 1,,9752,,AmazKing,,,3486,,Techno Warriors,,7350,,Watts NXT?,120,,red 1,,9754,,So7en,,,6389,,The LazyBotts,,9746,,PML30-phi,,141,,blue 1,,724,,RedNek Wun,7006,,RoboTitans,,4100,,Darbots 1,
8790,MoHawk Elites,,9,,red 1,,5975,,CYBOTS,,,7550,,BuffnBlue 7550,,7477,,Super 7,17,,red 2,,7138,,Mech Mayhem,,,7006,,RoboTitans,,6735,,Team Medusa,,41,,blue 1,,2844,,Valley X Robotics,8609,,"Blue Crew, Too",,6510,,CyberSharks,,59,,red 2,,5145,,Bronz Bots,,,6451,,Tarpon Robotics,,7023,,HexaSonics,,80,,blue 1,,3415,,Lancers,4017,,roboPandas,,8338,,Shatterdome,,,93,,blue 1,,6389,,The LazyBotts,4082,,RoboSpartans,,724,,RedNek Wun,,111,,red 2,,9754,,So7en,,,5894,,V-CUBE,,8471,,The Ducks,126,,red 1,,7172,,Technical Difficulties,,,4530,,Infinite Resistance,,6137,,RoBowties,137,,red 1,,3805,,Atomic Robotics,,,519,,ED Too,,6037,,W.A.G.S.
9048,Philobots,,16,,red 2,,201,,The Robo Broncos,,,6037,,W.A.G.S.,,7172,,Technical Difficulties,30,,red 2,,5145,,Bronz Bots,,,4082,,RoboSpartans,,8327,,Spartans,,38,,blue 1,,7350,,Watts NXT?,8330,,AZTECH II,,5975,,CYBOTS,,62,,red 2,,4250,,LIGHTSABERS,,,5140,,WACO Aerobotics,,4855,,Batteries In Black,,75,,blue 1,,4318,,Super 7,3805,,Atomic Robotics,,3595,,Schrodinger's Hat,,,85,,blue 1,,6433,,Neutrinos,7138,,Mech Mayhem,,519,,ED Too,,106,,red 2,,6299,,ViperBots QuadX,,,6935,,PARADOX,,5151,,Infinity,,114,,blue 2,,724,,RedNek Wun,5096,,Monkey Madness,,6081,,i^2r robotics,,139,,red 1,,9749,,Smurfs,,,3415,,Lancers,,6510,,CyberSharks
9746,PML30-phi,,1,,red 2,,7006,,RoboTitans,,,6935,,PARADOX,,3486,,Techno Warriors,20,,red 1,,2844,,Valley X Robotics,,,6451,,Tarpon Robotics,,6133,,"The ""NUTS!""",34,,red 2,,519,,ED Too,,,6137,,RoBowties,,6735,,Team Medusa,60,,red 1,,3085,,Higgs Bots,,,4029,,2 Bits and a Byte,,6510,,CyberSharks,,74,,blue 2,,5466,,Combustible Lemons,7172,,Technical Difficulties,,28,,PolyGnomes,,,96,,blue 1,,6299,,ViperBots QuadX,5009,,Helios,,5894,,V-CUBE,,107,,red 2,,7550,,BuffnBlue 7550,,,7023,,HexaSonics,,5140,,WACO Aerobotics,,120,,blue 2,,6389,,The LazyBotts,8609,,"Blue Crew, Too",,9754,,So7en,,129,,red 2,,4250,,LIGHTSABERS,,,5145,,Bronz Bots,,8221,,CUBIX^3
9747,Carousel,,15,,red 1,,9756,,M&T,,,8330,,AZTECH II,,5009,,Helios,,29,,blue 1,,7187,,Team Axis,724,,RedNek Wun,,7172,,Technical Difficulties,,44,,red 2,,6299,,ViperBots QuadX,,,7006,,RoboTitans,,6037,,W.A.G.S.,,52,,blue 1,,4100,,Darbots 1,6433,,Neutrinos,,6137,,RoBowties,,,67,,blue 1,,6133,,"The ""NUTS!""",5894,,V-CUBE,,9752,,AmazKing,,81,,red 1,,7655,,The Q is Silqent,,,3085,,Higgs Bots,,4250,,LIGHTSABERS,97,,red 2,,9749,,Smurfs,,,7487,,Super 7,,5975,,CYBOTS,115,,red 2,,8327,,Spartans,,,7550,,BuffnBlue 7550,,6935,,PARADOX,,136,,blue 2,,4082,,RoboSpartans,7350,,Watts NXT?,,4530,,Infinite Resistance,
9749,Smurfs,,4,,red 1,,8338,,Shatterdome,,,4855,,Batteries In Black,,6735,,Team Medusa,,18,,blue 2,,3085,,Higgs Bots,6433,,Neutrinos,,3486,,Techno Warriors,,,47,,blue 2,,5145,,Bronz Bots,201,,The Robo Broncos,,9752,,AmazKing,,,57,,blue 2,,7006,,RoboTitans,7187,,Team Axis,,6007,,Octopi,,,69,,blue 2,,4029,,2 Bits and a Byte,7655,,The Q is Silqent,,4082,,RoboSpartans,,86,,red 2,,8330,,AZTECH II,,,8327,,Spartans,,5466,,Combustible Lemons,97,,red 1,,9747,,Carousel,,,7487,,Super 7,,5975,,CYBOTS,113,,red 1,,4250,,LIGHTSABERS,,,3805,,Atomic Robotics,,6133,,"The ""NUTS!""",139,,red 2,,9048,,Philobots,,,3415,,Lancers,,6510,,CyberSharks
9752,AmazKing,,,10,,blue 2,,5096,,Monkey Madness,6433,,Neutrinos,,6510,,CyberSharks,,19,,red 1,,519,,ED Too,,,4318,,Super 7,,5975,,CYBOTS,47,,red 2,,201,,The Robo Broncos,,,5145,,Bronz Bots,,9749,,Smurfs,,58,,blue 1,,6299,,ViperBots QuadX,4082,,RoboSpartans,,6735,,Team Medusa,,67,,red 2,,5894,,V-CUBE,,,9747,,Carousel,,6133,,"The ""NUTS!""",,94,,blue 1,,6451,,Tarpon Robotics,5140,,WACO Aerobotics,,4530,,Infinite Resistance,,109,,red 2,,8609,,"Blue Crew, Too",,,3486,,Techno Warriors,,7350,,Watts NXT?,,121,,blue 1,,5466,,Combustible Lemons,8471,,The Ducks,,5037,,got robot?,,,133,,blue 2,,9756,,M&T,4855,,Batteries In Black,,4137,,IslandBots,
9754,So7en,,,2,,blue 1,,519,,ED Too,4250,,LIGHTSABERS,,4100,,Darbots 1,,,31,,blue 1,,6935,,PARADOX,3805,,Atomic Robotics,,6510,,CyberSharks,,,40,,blue 2,,8338,,Shatterdome,3085,,Higgs Bots,,724,,RedNek Wun,,,64,,blue 2,,6081,,i^2r robotics,3415,,Lancers,,7172,,Technical Difficulties,,78,,red 1,,5009,,Helios,,,5096,,Monkey Madness,,5037,,got robot?,,91,,blue 2,,6137,,RoBowties,4017,,roboPandas,,7550,,BuffnBlue 7550,,111,,red 1,,8790,,MoHawk Elites,,,5894,,V-CUBE,,8471,,The Ducks,120,,red 2,,8609,,"Blue Crew, Too",,,6389,,The LazyBotts,,9746,,PML30-phi,134,,red 1,,7023,,HexaSonics,,,5975,,CYBOTS,,7138,,Mech Mayhem
9756,M&T,,15,,red 2,,9747,,Carousel,,,8330,,AZTECH II,,5009,,Helios,24,,red 2,,8338,,Shatterdome,,,7550,,BuffnBlue 7550,,28,,PolyGnomes,,42,,blue 1,,4017,,roboPandas,7655,,The Q is Silqent,,7487,,Super 7,,,51,,blue 1,,724,,RedNek Wun,3595,,Schrodinger's Hat,,5151,,Infinity,,,73,,blue 2,,6433,,Neutrinos,8327,,Spartans,,8221,,CUBIX^3,,83,,red 2,,8609,,"Blue Crew, Too",,,4318,,Super 7,,7172,,Technical Difficulties,98,,red 1,,6735,,Team Medusa,,,3415,,Lancers,,3085,,Higgs Bots,116,,red 1,,5140,,WACO Aerobotics,,,5975,,CYBOTS,,6299,,ViperBots QuadX,,133,,blue 1,,9752,,AmazKing,4855,,Batteries In Black,,4137,,IslandBots,
4100,Darbots 1,,2,,red 2,,4250,,LIGHTSABERS,,,9754,,So7en,,519,,ED Too,,22,,blue 2,,6081,,i^2r robotics,3595,,Schrodinger's Hat,,5140,,WACO Aerobotics,,,33,,blue 2,,7477,,Super 7,28,,PolyGnomes,,4530,,Infinite Resistance,,,52,,blue 2,,9747,,Carousel,6433,,Neutrinos,,6137,,RoBowties,,68,,red 2,,7550,,BuffnBlue 7550,,,6007,,Octopi,,6451,,Tarpon Robotics,84,,red 1,,8471,,The Ducks,,,6735,,Team Medusa,,3805,,Atomic Robotics,,101,,blue 1,,4082,,RoboSpartans,6037,,W.A.G.S.,,8330,,AZTECH II,,118,,red 2,,2844,,Valley X Robotics,,,7655,,The Q is Silqent,,4137,,IslandBots,141,,red 2,,7006,,RoboTitans,,,8609,,"Blue Crew, Too",,724,,RedNek Wun